# qr_emit_manifest_v1	kind	fields
meta	manifest_schema	qr_emit_manifest_v1
meta	build_id	campaign_synth_v1
meta	session_ordinal	135
meta	side	SHORT
meta	leaf_count	39
meta	total_leaf_bytes	13027352
meta	signal	xor
source	synthetic	0000000000000000000000000000000000000000000000000000000000000000	synthetic://campaign/synth
census	synthetic	0000000000000000000000000000000000000000000000000000000000000000	synthetic://campaign/census
leaf	features/bins_index_option_print.npy	<i4	512,120,2	512	f12453a254967a5139e8544bd9864a2bc87b178fe44182e2d3c7c313a0a68fe3
leaf	features/bins_index_stock_nbbo.npy	<i4	512,120,2	512	3a05f7fdfb0ce76fd4798ae16fc41690267f8ebc5f2e24ac1a864e4f416f285f
leaf	features/bins_index_stock_print.npy	<i4	512,120,2	512	7757bcb533a4a9bc0a5de9fa890a92fefb5e3bf15746483acc652420e626fb61
leaf	features/candset.npy	<f4	512,8,24	512	500b8400e2ce4d9924e587016fdabadd598d73e3cb36a5ed56150fdaf068ee16
leaf	features/candset_len.npy	<i4	512	512	5eda8876269552459ba752ff0bd9e2f76dfe0d81691135dff5a3b1cc4d597600
leaf	features/direct_raw.npy	<f4	512,3,60	512	3ef88b8d7106d4100ef6a214615215113913a470c81115e579a1e0b87a9ca823
leaf	features/group_ts_option_print.npy	<i8	350	350	d7b40e6683a3231b349e5a0c9cb31a54fef660336faa0c79a8b07fc4757ce801
leaf	features/group_ts_stock_nbbo.npy	<i8	28000	28000	5610ea2d6d61b7999d13d9c332dce5ab00b11a238834540082b7e7cec23e1a57
leaf	features/group_ts_stock_print.npy	<i8	900	900	73904e1cda13517c513b69e1c79986dd275ee6259ff7905a445bb7e09078fbec
leaf	features/groups_option_print.npy	<f4	350,89	350	3dec3d32c90a25c8500270dee842f1c78707e7691c06042d4f491a0f784efc9c
leaf	features/groups_stock_nbbo.npy	<f4	28000,65	28000	939defede7e5ec82d53b6e54d5e9d65d0ed084d4be4e5153cc6b5005803ce9f3
leaf	features/groups_stock_print.npy	<f4	900,69	900	ff863a9c9626f8ccb384a72d08c611bfef9f903f3f75ef6956ca0d42d64fe663
leaf	features/jsa_mod.npy	<i4	512,192	512	e8d10439e9f5b38689ddcb4b3ef49d65716cc1cef16a52d7d2c6a25fed07dbc2
leaf	features/jsa_phase.npy	|u1	512,192	512	269d8666572ed30c0ff35caddaabf4f471bb08b9880d06ad526e3673f5f42f96
leaf	features/jsa_slot.npy	<i4	512,192	512	62a508e144e4ce3de20d77a37ee1a0a0d3e30c9e81a14031a189cb080a1fbbdf
leaf	features/jsa_ts_us.npy	<i8	512,192	512	4d8bfe312af9029286a8dd447c3ced48ae0a268d71b8c682c04e2b7b4cb190e5
leaf	features/keys.npy	<i8	512,4	512	222ed08946c9441b8fab90cd52dd741281a98e9040c294f6d31f8171bce8c4b5
leaf	features/locclock.npy	<f4	512,32	512	638339a28a2fb3a7e764a037bdaf47d3143eaa2944892c52bffece9b079a55da
leaf	features/micro_ckpt_option_print.npy	<i4	512,6	512	33f042b142b8871b75eaec9270853cc1ffb77ea4dbfb47ddcd6b889826d6e10d
leaf	features/micro_ckpt_stock_nbbo.npy	<i4	512,6	512	33f042b142b8871b75eaec9270853cc1ffb77ea4dbfb47ddcd6b889826d6e10d
leaf	features/micro_ckpt_stock_print.npy	<i4	512,6	512	33f042b142b8871b75eaec9270853cc1ffb77ea4dbfb47ddcd6b889826d6e10d
leaf	features/micro_phase_option_print.npy	|u1	512,128	512	2c56bcc686753b4cf8ace6b595a44cb89c80c70f1bd80b05ecec410290020620
leaf	features/micro_phase_stock_nbbo.npy	|u1	512,128	512	8953ff6864358867696956be03e4f462c628ccee290b5d963c5fd4883bfadda0
leaf	features/micro_phase_stock_print.npy	|u1	512,128	512	1d5678d102e5b6d50beca8ec818a6cc90227873b2991c031ec39c1bcf85d395e
leaf	features/micro_slot_option_print.npy	<i4	512,128	512	3f3520ec5fc1dd46d0a506b3d1ad4b50da27b73a4755b730184fb34e58f9bcc3
leaf	features/micro_slot_stock_nbbo.npy	<i4	512,128	512	069a6644a324e85eca81d0a47a633b509793c5a8bbdcc9cd257cd4e5da45dca5
leaf	features/micro_slot_stock_print.npy	<i4	512,128	512	324c0ceb060b1b09e1d35df342b9324ecff9bffaaa7b69d5dbe44ee4b4c12ce3
leaf	features/r_modality.npy	<f4	512,3	512	e506338c3d0246c4c698dbf264369a90741358f21200c49290ba7448587770d1
leaf	features/stage_mask.npy	|u1	512	512	610a56f586733655992d3fdaee609c9aa06d23809e069e2285da1656b38d8e04
leaf	features/visible_count.npy	<i4	512	512	5eda8876269552459ba752ff0bd9e2f76dfe0d81691135dff5a3b1cc4d597600
leaf	truth/barrier.npy	|u1	512	512	50715b9c3b1c48c5c8cddb0cd5cfd73da5476fd08a965b1f127874b66f9ceb99
leaf	truth/cert_mae_cent.npy	<i8	512	512	df9bd8e105d407110ad2bd5d4b10c71f9206cdd5b04b822f16f78d6c355d2999
leaf	truth/cert_net_cent.npy	<i8	512	512	5a91f2ec103ca14bf459817bba356158fc35cff1f06fa5a0c5f98c2ddb480806
leaf	truth/keys.npy	<i8	512,4	512	222ed08946c9441b8fab90cd52dd741281a98e9040c294f6d31f8171bce8c4b5
leaf	truth/label_state.npy	|u1	512	512	77ea7336733dc043e0783360c47c58860f861f5746603af729889b9e17e21b73
leaf	truth/menu_exit_ts.npy	<i8	512,7	512	917152a04d6a7f59b3070493662502374e8ee1e0a768eb36975a6bc1d8040fa1
leaf	truth/menu_mae_cent.npy	<i8	512,7	512	39a0526486778284b157cc356e5e987d984b57b98a10a5bb45f01373e927e7ce
leaf	truth/menu_net_cent.npy	<i8	512,7	512	df86a4ec8af679f6ec81b4d905de8aa2779522bd536370d48fcb748a5e6cf05d
leaf	truth/stop_hit.npy	|u1	512,7	512	bcb9282c398a0244086c6563a6e47e13c760203fc1cccb6dc6bc0832b5b3ca78
