ep	asset	sec	side	p	call	src	compl	why
NKD-20240419-L-E01	NK	00:13	L	0.045	SKIP	RUBRIC	-	fresh+wide
NKD-20240419-L-E02	NK	00:21	L	0.032	SKIP	RUBRIC	-	wide
HG-20240419-L-E01	HG	00:22	L	0.064	SKIP	RUBRIC	-	flow
NKD-20240419-S-E01	NK	00:24	S	0.064	SKIP	RUBRIC	-	fresh+flow+wide
HG-20240419-L-E02	HG	00:31	L	0.045	SKIP	RUBRIC	-	base
HG-20240419-S-E01	HG	00:33	S	0.091	SKIP	RUBRIC	-	fresh+flow
HG-20240419-S-E02	HG	00:36	S	0.091	SKIP	RUBRIC	-	fresh+flow
HG-20240419-S-E03	HG	00:38	S	0.129	SKIP	RUBRIC	-	fresh+level_held+flow
SI-20240419-S-E01	SI	00:39	S	0.045	SKIP	RUBRIC	-	base
NKD-20240419-S-E02	NK	00:54	S	0.032	SKIP	RUBRIC	-	wide
NKD-20240419-S-E03	NK	01:02	S	0.045	SKIP	RUBRIC	-	flow+wide
NKD-20240419-L-E03	NK	01:14	L	0.064	SKIP	RUBRIC	-	fresh+flow+wide
NKD-20240419-S-E04	NK	01:20	S	0.032	SKIP	RUBRIC	-	wide
NKD-20240419-L-E04	NK	01:38	L	0.045	SKIP	RUBRIC	-	flow+wide
SI-20240419-L-E01	SI	01:38	L	0.064	SKIP	RUBRIC	-	flow
HG-20240419-L-E03	HG	01:42	L	0.064	SKIP	RUBRIC	-	flow
NKD-20240419-L-E05	NK	01:47	L	0.045	SKIP	RUBRIC	-	flow+wide
NKD-20240419-S-E05	NK	01:48	S	0.064	SKIP	RUBRIC	-	flow
HG-20240419-L-E04	HG	01:52	L	0.045	SKIP	RUBRIC	-	base
NKD-20240419-S-E06	NK	01:55	S	0.064	SKIP	RUBRIC	-	level_held+flow+wide
NKD-20240419-L-E06	NK	01:57	L	0.091	SKIP	RUBRIC	-	fresh+level_held+fuel+wide
NKD-20240419-S-E07	NK	01:59	S	0.064	SKIP	RUBRIC	-	level_held+flow+wide
SI-20240419-S-E02	SI	02:02	S	0.064	SKIP	RUBRIC	-	flow
NKD-20240419-L-E07	NK	02:02	L	0.045	SKIP	RUBRIC	-	fresh+flow_against+fuel+wide
NKD-20240419-S-E08	NK	02:03	S	0.032	SKIP	RUBRIC	-	stale+flow+wide
SI-20240419-S-E03	SI	02:06	S	0.064	SKIP	RUBRIC	-	flow
HG-20240419-S-E04	HG	02:07	S	0.064	SKIP	RUBRIC	-	flow
NKD-20240419-S-E09	NK	02:11	S	0.032	SKIP	RUBRIC	-	stale+level_held+wide
SI-20240419-S-E04	SI	02:15	S	0.064	SKIP	RUBRIC	-	flow
NKD-20240419-L-E08	NK	02:15	L	0.091	SKIP	RUBRIC	-	fresh+level_held+fuel+wide
HG-20240419-S-E05	HG	02:16	S	0.045	SKIP	RUBRIC	-	stale+flow
NKD-20240419-S-E10	NK	02:18	S	0.064	SKIP	RUBRIC	-	stale+level_held+flow
NKD-20240419-L-E09	NK	02:22	L	0.045	SKIP	RUBRIC	-	fresh+flow_against+fuel+wide
SI-20240419-S-E05	SI	02:22	S	0.091	SKIP	RUBRIC	-	level_held+flow
NKD-20240419-S-E11	NK	02:22	S	0.032	SKIP	RUBRIC	-	stale+flow+wide
HG-20240419-L-E05	HG	02:25	L	0.182	TAKE	RUBRIC	-	fresh+level_held+flow+fuel
NKD-20240419-L-E10	NK	02:26	L	0.010	SKIP	RUBRIC	-	no_room
NKD-20240419-S-E12	NK	02:26	S	0.010	SKIP	RUBRIC	-	no_room
HG-20240419-L-E06	HG	02:29	L	0.182	SKIP	RUBRIC	-	fresh+level_held+flow+fuel
NKD-20240419-S-E13	NK	02:30	S	0.010	SKIP	RUBRIC	-	no_room
SI-20240419-L-E02	SI	02:31	L	0.182	TAKE	RUBRIC	-	fresh+level_held+flow+fuel
NKD-20240419-L-E11	NK	02:35	L	0.129	SKIP	RUBRIC	-	fresh+level_held+flow+fuel+wide
HG-20240419-L-E07	HG	02:36	L	0.064	SKIP	RUBRIC	-	flow
SI-20240419-L-E03	SI	02:37	L	0.064	SKIP	RUBRIC	-	flow
NKD-20240419-S-E14	NK	02:38	S	0.032	SKIP	RUBRIC	-	stale+level_held+wide
NKD-20240419-L-E12	NK	02:40	L	0.091	SKIP	RUBRIC	-	fresh+flow+fuel+wide
NKD-20240419-S-E15	NK	02:42	S	0.032	SKIP	RUBRIC	-	stale+level_held+wide
HG-20240419-S-E06	HG	02:45	S	0.064	SKIP	RUBRIC	-	stale+flow+fuel
SI-20240419-L-E04	SI	02:47	L	0.064	SKIP	RUBRIC	-	flow
NKD-20240419-S-E16	NK	02:48	S	0.022	SKIP	RUBRIC	-	stale+wide
NKD-20240419-S-E17	NK	02:53	S	0.045	SKIP	RUBRIC	-	stale+level_held+flow+wide
NKD-20240419-L-E13	NK	02:55	L	0.091	SKIP	RUBRIC	-	level_held+flow+fuel+wide
HG-20240419-L-E08	HG	02:55	L	0.064	SKIP	RUBRIC	-	flow
HG-20240419-S-E07	HG	02:57	S	0.064	SKIP	RUBRIC	-	fresh+flow_against+fuel
SI-20240419-L-E05	SI	02:58	L	0.064	SKIP	RUBRIC	-	flow
NKD-20240419-S-E18	NK	02:59	S	0.032	SKIP	RUBRIC	-	stale+flow+wide
HG-20240419-L-E09	HG	03:01	L	0.091	SKIP	RUBRIC	-	flow+burst
HG-20240419-S-E08	HG	03:02	S	0.091	SKIP	RUBRIC	-	fresh+flow_against+fuel+burst
NKD-20240419-L-E14	NK	03:02	L	0.064	SKIP	RUBRIC	-	fresh+level_held+flow_against+fuel+wide
HG-20240419-S-E09	HG	03:04	S	0.091	SKIP	RUBRIC	-	fresh+level_held+flow_against+fuel
NKD-20240419-S-E19	NK	03:04	S	0.045	SKIP	RUBRIC	-	stale+level_held+flow+wide
HG-20240419-L-E10	HG	03:05	L	0.064	SKIP	RUBRIC	-	flow
NKD-20240419-L-E15	NK	03:07	L	0.064	SKIP	RUBRIC	-	fresh+level_held+flow_against+fuel+wide
SI-20240419-S-E06	SI	03:08	S	0.010	SKIP	RUBRIC	-	no_room
HG-20240419-L-E11	HG	03:09	L	0.091	SKIP	RUBRIC	-	level_held+flow
SI-20240419-L-E06	SI	03:09	L	0.010	SKIP	RUBRIC	-	no_room
HG-20240419-S-E10	HG	03:09	S	0.182	SKIP	RUBRIC	-	fresh+level_held+flow+fuel
SI-20240419-S-E07	SI	03:15	S	0.182	SKIP	RUBRIC	-	fresh+level_held+flow+fuel
HG-20240419-S-E11	HG	03:16	S	0.010	SKIP	RUBRIC	-	no_room
HG-20240419-L-E12	HG	03:17	L	0.010	SKIP	RUBRIC	-	no_room
NKD-20240419-L-E16	NK	03:18	L	0.129	SKIP	RUBRIC	-	fresh+level_held+flow+fuel+wide
HG-20240419-S-E12	HG	03:18	S	0.010	SKIP	RUBRIC	-	no_room
NKD-20240419-S-E20	NK	03:20	S	0.016	SKIP	RUBRIC	-	stale+flow_against+wide
SI-20240419-L-E07	SI	03:20	L	0.091	SKIP	RUBRIC	-	level_held+flow
HG-20240419-L-E13	HG	03:20	L	0.010	SKIP	RUBRIC	-	no_room
HG-20240419-L-E14	HG	03:22	L	0.010	SKIP	RUBRIC	-	no_room
SI-20240419-S-E08	SI	03:25	S	0.129	SKIP	RUBRIC	-	fresh+level_held+fuel
NKD-20240419-L-E17	NK	03:26	L	0.045	SKIP	RUBRIC	-	fresh+flow_against+fuel+wide
HG-20240419-S-E13	HG	03:27	S	0.010	SKIP	RUBRIC	-	no_room
HG-20240419-L-E15	HG	03:27	L	0.010	SKIP	RUBRIC	-	no_room
SI-20240419-L-E08	SI	03:27	L	0.064	SKIP	RUBRIC	-	level_held+flow+wide
NKD-20240419-S-E21	NK	03:28	S	0.032	SKIP	RUBRIC	-	stale+flow+wide
SI-20240419-S-E09	SI	03:30	S	0.091	SKIP	RUBRIC	-	fresh+level_held+flow_against+fuel
HG-20240419-S-E14	HG	03:31	S	0.010	SKIP	RUBRIC	-	no_room
HG-20240419-L-E16	HG	03:32	L	0.010	SKIP	RUBRIC	-	no_room
NKD-20240419-L-E18	NK	03:33	L	0.091	SKIP	RUBRIC	-	fresh+level_held+flow_against+fuel
NKD-20240419-S-E22	NK	03:33	S	0.045	SKIP	RUBRIC	-	stale+level_held+flow+wide
SI-20240419-S-E10	SI	03:34	S	0.064	SKIP	RUBRIC	-	fresh+flow_against+fuel
SI-20240419-L-E09	SI	03:35	L	0.064	SKIP	RUBRIC	-	level_held+flow+wide
HG-20240419-L-E17	HG	03:35	L	0.010	SKIP	RUBRIC	-	no_room
HG-20240419-S-E15	HG	03:36	S	0.010	SKIP	RUBRIC	-	no_room
SI-20240419-S-E11	SI	03:38	S	0.182	SKIP	RUBRIC	-	fresh+level_held+flow+fuel
SI-20240419-L-E10	SI	03:39	L	0.045	SKIP	RUBRIC	-	level_held+flow_against
NKD-20240419-L-E19	NK	03:39	L	0.064	SKIP	RUBRIC	-	fresh+level_held+flow_against+fuel+wide
NKD-20240419-S-E23	NK	03:40	S	0.045	SKIP	RUBRIC	-	stale+level_held+flow+wide
HG-20240419-L-E18	HG	03:42	L	0.010	SKIP	RUBRIC	-	no_room
HG-20240419-S-E16	HG	03:46	S	0.010	SKIP	RUBRIC	-	no_room
NKD-20240419-L-E20	NK	03:47	L	0.064	SKIP	RUBRIC	-	fresh+level_held+flow_against+fuel+wide
SI-20240419-S-E12	SI	03:47	S	0.064	SKIP	RUBRIC	-	fresh+level_held+flow_against+fuel+wide
SI-20240419-L-E11	SI	03:47	L	0.064	SKIP	RUBRIC	-	level_held+flow+wide
HG-20240419-L-E19	HG	03:48	L	0.010	SKIP	RUBRIC	-	no_room
NKD-20240419-S-E24	NK	03:48	S	0.032	SKIP	RUBRIC	-	stale+flow+wide
SI-20240419-S-E13	SI	03:50	S	0.091	SKIP	RUBRIC	-	fresh+level_held+flow_against+fuel
NKD-20240419-S-E25	NK	03:51	S	0.032	SKIP	RUBRIC	-	stale+flow+wide
HG-20240419-S-E17	HG	03:51	S	0.010	SKIP	RUBRIC	-	no_room
NKD-20240419-S-E26	NK	03:52	S	0.045	SKIP	RUBRIC	-	stale+level_held+flow+wide
HG-20240419-L-E20	HG	03:52	L	0.010	SKIP	RUBRIC	-	no_room
NKD-20240419-L-E21	NK	03:53	L	0.129	SKIP	RUBRIC	-	fresh+level_held+fuel
SI-20240419-L-E12	SI	03:53	L	0.032	SKIP	RUBRIC	-	flow_against
HG-20240419-S-E18	HG	03:54	S	0.010	SKIP	RUBRIC	-	no_room
HG-20240419-L-E21	HG	03:55	L	0.010	SKIP	RUBRIC	-	no_room
SI-20240419-S-E14	SI	03:56	S	0.064	SKIP	RUBRIC	-	fresh+level_held+flow_against+fuel+wide
HG-20240419-L-E22	HG	03:58	L	0.010	SKIP	RUBRIC	-	no_room
HG-20240419-S-E19	HG	04:00	S	0.010	SKIP	RUBRIC	-	no_room
NKD-20240419-L-E22	NK	04:01	L	0.064	SKIP	RUBRIC	-	flow+fuel+wide
HG-20240419-L-E23	HG	04:01	L	0.010	SKIP	RUBRIC	-	no_room
NKD-20240419-S-E27	NK	04:02	S	0.022	SKIP	RUBRIC	-	stale+wide
HG-20240419-S-E20	HG	04:03	S	0.010	SKIP	RUBRIC	-	no_room
SI-20240419-S-E15	SI	04:03	S	0.091	SKIP	RUBRIC	-	fresh+level_held+flow+wide
HG-20240419-L-E24	HG	04:05	L	0.010	SKIP	RUBRIC	-	no_room
HG-20240419-S-E21	HG	04:06	S	0.010	SKIP	RUBRIC	-	no_room
NKD-20240419-L-E23	NK	04:06	L	0.064	SKIP	RUBRIC	-	level_held+fuel+wide
SI-20240419-L-E13	SI	04:06	L	0.045	SKIP	RUBRIC	-	stale+level_held+flow+wide
SI-20240419-S-E16	SI	04:07	S	0.032	SKIP	RUBRIC	-	level_held+flow_against+wide
NKD-20240419-S-E28	NK	04:07	S	0.064	SKIP	RUBRIC	-	stale+level_held+flow
HG-20240419-L-E25	HG	04:09	L	0.010	SKIP	RUBRIC	-	no_room
SI-20240419-S-E17	SI	04:09	S	0.064	SKIP	RUBRIC	-	level_held
HG-20240419-S-E22	HG	04:10	S	0.010	SKIP	RUBRIC	-	no_room
SI-20240419-L-E14	SI	04:12	L	0.045	SKIP	RUBRIC	-	stale+level_held+flow+wide
NKD-20240419-L-E24	NK	04:13	L	0.045	SKIP	RUBRIC	-	fresh+flow_against+fuel+wide
SI-20240419-S-E18	SI	04:14	S	0.045	SKIP	RUBRIC	-	fuel+wide
NKD-20240419-S-E29	NK	04:15	S	0.032	SKIP	RUBRIC	-	stale+flow+wide
HG-20240419-S-E23	HG	04:16	S	0.010	SKIP	RUBRIC	-	no_room
NKD-20240419-L-E25	NK	04:18	L	0.045	SKIP	RUBRIC	-	fresh+flow_against+fuel+wide
HG-20240419-L-E26	HG	04:18	L	0.010	SKIP	RUBRIC	-	no_room
NKD-20240419-S-E30	NK	04:19	S	0.032	SKIP	RUBRIC	-	stale+flow+wide
SI-20240419-L-E15	SI	04:20	L	0.045	SKIP	RUBRIC	-	stale+level_held+flow+wide
SI-20240419-S-E19	SI	04:22	S	0.064	SKIP	RUBRIC	-	level_held
NKD-20240419-S-E31	NK	04:25	S	0.032	SKIP	RUBRIC	-	stale+flow+wide
SI-20240419-S-E20	SI	04:26	S	0.091	SKIP	RUBRIC	-	level_held+flow
NKD-20240419-L-E26	NK	04:26	L	0.045	SKIP	RUBRIC	-	fresh+flow_against+fuel+wide
HG-20240419-S-E24	HG	04:26	S	0.010	SKIP	RUBRIC	-	no_room
HG-20240419-L-E27	HG	04:27	L	0.010	SKIP	RUBRIC	-	no_room
SI-20240419-L-E16	SI	04:27	L	0.022	SKIP	RUBRIC	-	stale+level_held+flow_against+wide
HG-20240419-L-E28	HG	04:29	L	0.010	SKIP	RUBRIC	-	no_room
NKD-20240419-S-E32	NK	04:30	S	0.016	SKIP	RUBRIC	-	stale+flow_against+wide
SI-20240419-S-E21	SI	04:30	S	0.045	SKIP	RUBRIC	-	level_held+flow_against
SI-20240419-L-E17	SI	04:32	L	0.045	SKIP	RUBRIC	-	stale+level_held+flow+wide
HG-20240419-L-E29	HG	04:32	L	0.010	SKIP	RUBRIC	-	no_room
NKD-20240419-L-E27	NK	04:35	L	0.091	SKIP	RUBRIC	-	fresh+flow+fuel+wide
HG-20240419-S-E25	HG	04:35	S	0.010	SKIP	RUBRIC	-	no_room
SI-20240419-S-E22	SI	04:35	S	0.064	SKIP	RUBRIC	-	level_held
HG-20240419-L-E30	HG	04:38	L	0.010	SKIP	RUBRIC	-	no_room
SI-20240419-L-E18	SI	04:39	L	0.032	SKIP	RUBRIC	-	stale+level_held+flow_against
HG-20240419-S-E26	HG	04:40	S	0.010	SKIP	RUBRIC	-	no_room
SI-20240419-L-E19	SI	04:43	L	0.045	SKIP	RUBRIC	-	stale+level_held+fuel+wide
NKD-20240419-S-E33	NK	04:43	S	0.032	SKIP	RUBRIC	-	stale+flow+wide
SI-20240419-S-E23	SI	04:44	S	0.032	SKIP	RUBRIC	-	level_held+flow_against+wide
HG-20240419-L-E31	HG	04:47	L	0.010	SKIP	RUBRIC	-	no_room
NKD-20240419-L-E28	NK	04:47	L	0.064	SKIP	RUBRIC	-	flow+fuel+wide
HG-20240419-S-E27	HG	04:48	S	0.010	SKIP	RUBRIC	-	no_room
NKD-20240419-L-E29	NK	04:50	L	0.091	SKIP	RUBRIC	-	fresh+flow+fuel+wide
NKD-20240419-S-E34	NK	04:51	S	0.032	SKIP	RUBRIC	-	stale+flow+wide
HG-20240419-S-E28	HG	04:51	S	0.010	SKIP	RUBRIC	-	no_room
SI-20240419-S-E24	SI	04:52	S	0.032	SKIP	RUBRIC	-	level_held+flow_against+wide
HG-20240419-L-E32	HG	04:52	L	0.010	SKIP	RUBRIC	-	no_room
NKD-20240419-S-E35	NK	04:54	S	0.032	SKIP	RUBRIC	-	stale+flow+wide
NKD-20240419-L-E30	NK	04:56	L	0.091	SKIP	RUBRIC	-	fresh+flow+fuel+wide
HG-20240419-S-E29	HG	04:57	S	0.010	SKIP	RUBRIC	-	no_room
HG-20240419-S-E30	HG	04:59	S	0.010	SKIP	RUBRIC	-	no_room
SI-20240419-L-E20	SI	05:01	L	0.022	SKIP	RUBRIC	-	stale+level_held+flow_against+wide
HG-20240419-L-E33	HG	05:01	L	0.010	SKIP	RUBRIC	-	no_room
NKD-20240419-S-E36	NK	05:02	S	0.032	SKIP	RUBRIC	-	stale+level_held+wide
NKD-20240419-L-E31	NK	05:03	L	0.064	SKIP	RUBRIC	-	flow+fuel+wide
SI-20240419-S-E25	SI	05:04	S	0.064	SKIP	RUBRIC	-	level_held+flow+wide
NKD-20240419-L-E32	NK	05:06	L	0.091	SKIP	RUBRIC	-	level_held+flow+fuel+wide
HG-20240419-L-E34	HG	05:09	L	0.010	SKIP	RUBRIC	-	no_room
SI-20240419-L-E21	SI	05:09	L	0.032	SKIP	RUBRIC	-	stale+level_held+flow_against+fuel+wide
HG-20240419-S-E31	HG	05:10	S	0.010	SKIP	RUBRIC	-	no_room
SI-20240419-S-E26	SI	05:11	S	0.064	SKIP	RUBRIC	-	level_held+flow+wide
SI-20240419-L-E22	SI	05:11	L	0.064	SKIP	RUBRIC	-	stale+level_held+flow+fuel+wide
NKD-20240419-S-E37	NK	05:12	S	0.045	SKIP	RUBRIC	-	stale+level_held+flow+wide
HG-20240419-L-E35	HG	05:13	L	0.010	SKIP	RUBRIC	-	no_room
HG-20240419-S-E32	HG	05:14	S	0.010	SKIP	RUBRIC	-	no_room
NKD-20240419-L-E33	NK	05:14	L	0.064	SKIP	RUBRIC	-	flow
SI-20240419-L-E23	SI	05:15	L	0.032	SKIP	RUBRIC	-	stale+level_held+flow_against+fuel+wide
HG-20240419-L-E36	HG	05:16	L	0.010	SKIP	RUBRIC	-	no_room
NKD-20240419-S-E38	NK	05:17	S	0.045	SKIP	RUBRIC	-	stale+level_held+flow+wide
HG-20240419-S-E33	HG	05:17	S	0.010	SKIP	RUBRIC	-	no_room
NKD-20240419-L-E34	NK	05:19	L	0.064	SKIP	RUBRIC	-	level_held+flow+wide
NKD-20240419-S-E39	NK	05:21	S	0.022	SKIP	RUBRIC	-	stale+wide
HG-20240419-L-E37	HG	05:21	L	0.091	SKIP	RUBRIC	-	fresh+level_held+flow_against+fuel
SI-20240419-S-E27	SI	05:22	S	0.032	SKIP	RUBRIC	-	level_held+flow_against+wide
NKD-20240419-L-E35	NK	05:22	L	0.045	SKIP	RUBRIC	-	flow+wide
HG-20240419-S-E34	HG	05:22	S	0.091	SKIP	RUBRIC	-	level_held+flow
SI-20240419-L-E24	SI	05:26	L	0.091	SKIP	RUBRIC	-	fresh+flow+fuel+wide
NKD-20240419-S-E40	NK	05:27	S	0.032	SKIP	RUBRIC	-	stale+level_held+wide
HG-20240419-L-E38	HG	05:29	L	0.182	SKIP	RUBRIC	-	fresh+level_held+flow+fuel
NKD-20240419-L-E36	NK	05:29	L	0.064	SKIP	RUBRIC	-	level_held+flow+wide
NKD-20240419-S-E41	NK	05:30	S	0.064	SKIP	RUBRIC	-	stale+level_held+flow+fuel+wide
SI-20240419-S-E28	SI	05:30	S	0.045	SKIP	RUBRIC	-	stale+level_held+flow+wide
HG-20240419-S-E35	HG	05:31	S	0.032	SKIP	RUBRIC	-	stale+level_held+flow_against
HG-20240419-L-E39	HG	05:33	L	0.182	SKIP	RUBRIC	-	fresh+level_held+flow+fuel
SI-20240419-L-E25	SI	05:34	L	0.091	SKIP	RUBRIC	-	level_held+flow+fuel+wide
HG-20240419-L-E40	HG	05:37	L	0.064	SKIP	RUBRIC	-	level_held+flow_against+fuel
SI-20240419-S-E29	SI	05:37	S	0.032	SKIP	RUBRIC	-	stale+level_held+wide
HG-20240419-S-E36	HG	05:37	S	0.064	SKIP	RUBRIC	-	stale+level_held+flow
NKD-20240419-S-E42	NK	05:38	S	0.045	SKIP	RUBRIC	-	stale+level_held+fuel+wide
SI-20240419-L-E26	SI	05:38	L	0.045	SKIP	RUBRIC	-	level_held+flow_against+fuel+wide
HG-20240419-L-E41	HG	05:40	L	0.064	SKIP	RUBRIC	-	level_held+flow_against+fuel
NKD-20240419-L-E37	NK	05:40	L	0.045	SKIP	RUBRIC	-	flow+wide
HG-20240419-S-E37	HG	05:42	S	0.045	SKIP	RUBRIC	-	stale+level_held
SI-20240419-S-E30	SI	05:42	S	0.064	SKIP	RUBRIC	-	stale+level_held+flow
NKD-20240419-S-E43	NK	05:44	S	0.032	SKIP	RUBRIC	-	stale+level_held+flow_against+fuel+wide
SI-20240419-L-E27	SI	05:44	L	0.064	SKIP	RUBRIC	-	level_held+flow_against+fuel
NKD-20240419-L-E38	NK	05:45	L	0.064	SKIP	RUBRIC	-	level_held+flow+wide
NKD-20240419-S-E44	NK	05:47	S	0.032	SKIP	RUBRIC	-	stale+level_held+flow_against+fuel+wide
HG-20240419-S-E38	HG	05:47	S	0.064	SKIP	RUBRIC	-	stale+level_held+flow
SI-20240419-S-E31	SI	05:49	S	0.064	SKIP	RUBRIC	-	stale+level_held+flow
HG-20240419-L-E42	HG	05:49	L	0.064	SKIP	RUBRIC	-	level_held+flow_against+fuel
HG-20240419-S-E39	HG	05:50	S	0.032	SKIP	RUBRIC	-	stale+level_held+flow_against
NKD-20240419-S-E45	NK	05:51	S	0.022	SKIP	RUBRIC	-	stale+level_held+flow_against+wide
NKD-20240419-L-E39	NK	05:52	L	0.091	SKIP	RUBRIC	-	level_held+flow
HG-20240419-L-E43	HG	05:53	L	0.129	SKIP	RUBRIC	-	level_held+flow+fuel
SI-20240419-L-E28	SI	05:54	L	0.091	SKIP	RUBRIC	-	level_held+flow+fuel+wide
HG-20240419-S-E40	HG	05:57	S	0.045	SKIP	RUBRIC	-	stale+level_held
SI-20240419-S-E32	SI	05:57	S	0.045	SKIP	RUBRIC	-	stale+level_held+flow+wide
NKD-20240419-S-E46	NK	05:57	S	0.045	SKIP	RUBRIC	-	stale+level_held+fuel+wide
SI-20240419-L-E29	SI	05:58	L	0.091	SKIP	RUBRIC	-	level_held+flow+fuel+wide
NKD-20240419-L-E40	NK	05:59	L	0.091	SKIP	RUBRIC	-	level_held+flow
HG-20240419-S-E41	HG	06:00	S	0.064	SKIP	RUBRIC	-	stale+level_held+flow
HG-20240419-L-E44	HG	06:02	L	0.129	SKIP	RUBRIC	-	level_held+flow+fuel
SI-20240419-S-E33	SI	06:05	S	0.064	SKIP	RUBRIC	-	stale+level_held+flow
NKD-20240419-S-E47	NK	06:05	S	0.045	SKIP	RUBRIC	-	stale+level_held+fuel+wide
HG-20240419-S-E42	HG	06:06	S	0.064	SKIP	RUBRIC	-	stale+level_held+flow
NKD-20240419-L-E41	NK	06:08	L	0.064	SKIP	RUBRIC	-	level_held+flow+wide
NKD-20240419-S-E48	NK	06:09	S	0.064	SKIP	RUBRIC	-	stale+level_held+flow+fuel+wide
SI-20240419-L-E30	SI	06:12	L	0.064	SKIP	RUBRIC	-	level_held+fuel+wide
NKD-20240419-L-E42	NK	06:14	L	0.064	SKIP	RUBRIC	-	level_held+flow+wide
SI-20240419-S-E34	SI	06:16	S	0.045	SKIP	RUBRIC	-	stale+level_held+flow+wide
NKD-20240419-S-E49	NK	06:17	S	0.032	SKIP	RUBRIC	-	stale+fuel+wide
NKD-20240419-L-E43	NK	06:21	L	0.064	SKIP	RUBRIC	-	level_held+flow+wide
SI-20240419-S-E35	SI	06:24	S	0.045	SKIP	RUBRIC	-	stale+level_held+flow+wide
NKD-20240419-S-E50	NK	06:25	S	0.045	SKIP	RUBRIC	-	stale+level_held+fuel+wide
NKD-20240419-L-E44	NK	06:27	L	0.064	SKIP	RUBRIC	-	level_held+flow+wide
HG-20240419-L-E45	HG	06:32	L	0.129	SKIP	RUBRIC	-	level_held+flow+fuel
NKD-20240419-S-E51	NK	06:32	S	0.032	SKIP	RUBRIC	-	stale+flow+wide
SI-20240419-L-E31	SI	06:34	L	0.091	SKIP	RUBRIC	-	level_held+flow+fuel+wide
SI-20240419-S-E36	SI	06:34	S	0.045	SKIP	RUBRIC	-	stale+level_held
HG-20240419-S-E43	HG	06:35	S	0.064	SKIP	RUBRIC	-	stale+level_held+flow
NKD-20240419-L-E45	NK	06:36	L	0.022	SKIP	RUBRIC	-	stale+wide
NKD-20240419-S-E52	NK	06:38	S	0.064	SKIP	RUBRIC	-	stale+level_held+flow+fuel+wide
HG-20240419-L-E46	HG	06:39	L	0.129	SKIP	RUBRIC	-	level_held+flow+fuel
NKD-20240419-L-E46	NK	06:40	L	0.022	SKIP	RUBRIC	-	stale+level_held+flow_against+wide
NKD-20240419-S-E53	NK	06:43	S	0.064	SKIP	RUBRIC	-	stale+level_held+flow+fuel+wide
HG-20240419-S-E44	HG	06:44	S	0.045	SKIP	RUBRIC	-	stale+level_held
SI-20240419-L-E32	SI	06:44	L	0.064	SKIP	RUBRIC	-	level_held+fuel+wide
NKD-20240419-L-E47	NK	06:45	L	0.032	SKIP	RUBRIC	-	stale+level_held+wide
SI-20240419-S-E37	SI	06:45	S	0.045	SKIP	RUBRIC	-	stale+level_held+flow+wide
NKD-20240419-S-E54	NK	06:47	S	0.032	SKIP	RUBRIC	-	stale+flow+wide
SI-20240419-L-E33	SI	06:48	L	0.091	SKIP	RUBRIC	-	level_held+fuel
HG-20240419-L-E47	HG	06:54	L	0.064	SKIP	RUBRIC	-	level_held+flow_against+fuel
SI-20240419-S-E38	SI	06:55	S	0.032	SKIP	RUBRIC	-	stale+flow+wide
SI-20240419-L-E34	SI	06:56	L	0.064	SKIP	RUBRIC	-	fuel
NKD-20240419-L-E48	NK	06:58	L	0.022	SKIP	RUBRIC	-	stale+level_held+flow_against+wide
SI-20240419-S-E39	SI	07:01	S	0.032	SKIP	RUBRIC	-	stale+flow+wide
NKD-20240419-L-E49	NK	07:02	L	0.032	SKIP	RUBRIC	-	stale+level_held+wide
SI-20240419-L-E35	SI	07:03	L	0.032	SKIP	RUBRIC	-	stale+fuel+wide
NKD-20240419-S-E55	NK	07:03	S	0.032	SKIP	RUBRIC	-	stale+flow+wide
SI-20240419-S-E40	SI	07:05	S	0.032	SKIP	RUBRIC	-	stale+flow+wide
HG-20240419-S-E45	HG	07:05	S	0.064	SKIP	RUBRIC	-	stale+level_held+flow
NKD-20240419-L-E50	NK	07:05	L	0.045	SKIP	RUBRIC	-	stale+level_held
SI-20240419-L-E36	SI	07:07	L	0.022	SKIP	RUBRIC	-	stale+flow_against+fuel+wide
HG-20240419-L-E48	HG	07:07	L	0.064	SKIP	RUBRIC	-	stale+level_held+fuel
SI-20240419-S-E41	SI	07:08	S	0.032	SKIP	RUBRIC	-	stale+flow+wide
NKD-20240419-S-E56	NK	07:09	S	0.032	SKIP	RUBRIC	-	stale+flow+wide
HG-20240419-S-E46	HG	07:09	S	0.045	SKIP	RUBRIC	-	stale+level_held
NKD-20240419-L-E51	NK	07:12	L	0.045	SKIP	RUBRIC	-	stale+level_held+flow+wide
SI-20240419-S-E42	SI	07:14	S	0.064	SKIP	RUBRIC	-	stale+level_held+flow
NKD-20240419-S-E57	NK	07:15	S	0.032	SKIP	RUBRIC	-	stale+flow+wide
NKD-20240419-L-E52	NK	07:17	L	0.032	SKIP	RUBRIC	-	stale+level_held+wide
SI-20240419-L-E37	SI	07:18	L	0.064	SKIP	RUBRIC	-	stale+level_held+flow+fuel+wide
HG-20240419-L-E49	HG	07:19	L	0.091	SKIP	RUBRIC	-	stale+level_held+flow+fuel
NKD-20240419-S-E58	NK	07:20	S	0.045	SKIP	RUBRIC	-	stale+level_held+flow+wide
NKD-20240419-L-E53	NK	07:22	L	0.045	SKIP	RUBRIC	-	stale+flow
HG-20240419-L-E50	HG	07:22	L	0.045	SKIP	RUBRIC	-	stale+level_held+flow_against+fuel
NKD-20240419-L-E54	NK	07:25	L	0.045	SKIP	RUBRIC	-	stale+level_held+flow+wide
SI-20240419-S-E43	SI	07:27	S	0.032	SKIP	RUBRIC	-	stale+level_held+wide
SI-20240419-L-E38	SI	07:31	L	0.064	SKIP	RUBRIC	-	stale+level_held+flow+fuel+wide
SI-20240419-S-E44	SI	07:32	S	0.032	SKIP	RUBRIC	-	stale+flow+wide
HG-20240419-S-E47	HG	07:32	S	0.064	SKIP	RUBRIC	-	stale+level_held+flow
HG-20240419-L-E51	HG	07:32	L	0.091	SKIP	RUBRIC	-	stale+level_held+flow+fuel
NKD-20240419-S-E59	NK	07:34	S	0.064	SKIP	RUBRIC	-	stale+level_held+flow+fuel+wide
HG-20240419-L-E52	HG	07:37	L	0.064	SKIP	RUBRIC	-	stale+level_held+fuel
NKD-20240419-L-E55	NK	07:37	L	0.045	SKIP	RUBRIC	-	stale+level_held+flow+wide
SI-20240419-S-E45	SI	07:39	S	0.045	SKIP	RUBRIC	-	stale+level_held+flow+wide
HG-20240419-S-E48	HG	07:39	S	0.064	SKIP	RUBRIC	-	stale+level_held+flow
HG-20240419-L-E53	HG	07:41	L	0.064	SKIP	RUBRIC	-	stale+level_held+fuel
SI-20240419-L-E39	SI	07:42	L	0.032	SKIP	RUBRIC	-	stale+flow_against+fuel
NKD-20240419-S-E60	NK	07:44	S	0.022	SKIP	RUBRIC	-	stale+flow_against+fuel+wide
HG-20240419-S-E49	HG	07:46	S	0.045	SKIP	RUBRIC	-	stale+level_held
SI-20240419-S-E46	SI	07:47	S	0.045	SKIP	RUBRIC	-	stale+level_held+flow+wide
HG-20240419-S-E50	HG	07:49	S	0.064	SKIP	RUBRIC	-	stale+level_held+flow
SI-20240419-L-E40	SI	07:49	L	0.022	SKIP	RUBRIC	-	stale+flow_against+fuel+wide
NKD-20240419-L-E56	NK	07:50	L	0.010	SKIP	RUBRIC	-	no_time
HG-20240419-L-E54	HG	07:50	L	0.091	SKIP	RUBRIC	-	stale+level_held+flow+fuel
SI-20240419-S-E47	SI	07:51	S	0.064	SKIP	RUBRIC	-	stale+level_held+flow
NKD-20240419-S-E61	NK	07:51	S	0.010	SKIP	RUBRIC	-	no_time
NKD-20240419-L-E57	NK	07:54	L	0.010	SKIP	RUBRIC	-	no_time
NKD-20240419-S-E62	NK	07:55	S	0.010	SKIP	RUBRIC	-	no_time
HG-20240419-S-E51	HG	07:57	S	0.064	SKIP	RUBRIC	-	stale+level_held+flow
HG-20240419-L-E55	HG	07:58	L	0.032	SKIP	RUBRIC	-	stale+level_held+flow_against
HG-20240419-S-E52	HG	08:01	S	0.045	SKIP	RUBRIC	-	stale+flow
SI-20240419-S-E48	SI	08:01	S	0.032	SKIP	RUBRIC	-	stale+flow+wide
NKD-20240419-L-E58	NK	08:03	L	0.010	SKIP	RUBRIC	-	no_time
SI-20240419-L-E41	SI	08:03	L	0.032	SKIP	RUBRIC	-	stale+level_held+flow_against+fuel+wide
HG-20240419-L-E56	HG	08:04	L	0.091	SKIP	RUBRIC	-	stale+level_held+flow+fuel
NKD-20240419-S-E63	NK	08:04	S	0.010	SKIP	RUBRIC	-	no_time
HG-20240419-S-E53	HG	08:05	S	0.045	SKIP	RUBRIC	-	stale+level_held
SI-20240419-S-E49	SI	08:08	S	0.032	SKIP	RUBRIC	-	stale+level_held+flow_against
HG-20240419-L-E57	HG	08:09	L	0.064	SKIP	RUBRIC	-	stale+level_held+flow
NKD-20240419-L-E59	NK	08:10	L	0.010	SKIP	RUBRIC	-	no_time
HG-20240419-L-E58	HG	08:11	L	0.064	SKIP	RUBRIC	-	stale+level_held+flow
SI-20240419-S-E50	SI	08:12	S	0.022	SKIP	RUBRIC	-	stale+level_held+flow_against+wide
NKD-20240419-S-E64	NK	08:12	S	0.010	SKIP	RUBRIC	-	no_time
SI-20240419-L-E42	SI	08:14	L	0.064	SKIP	RUBRIC	-	stale+level_held+flow
NKD-20240419-S-E65	NK	08:16	S	0.010	SKIP	RUBRIC	-	no_time
SI-20240419-S-E51	SI	08:17	S	0.045	SKIP	RUBRIC	-	stale+level_held+flow+wide
HG-20240419-S-E54	HG	08:18	S	0.032	SKIP	RUBRIC	-	stale+level_held+flow_against
NKD-20240419-L-E60	NK	08:18	L	0.010	SKIP	RUBRIC	-	no_time
HG-20240419-L-E59	HG	08:19	L	0.032	SKIP	RUBRIC	-	stale+level_held+flow_against
NKD-20240419-S-E66	NK	08:20	S	0.010	SKIP	RUBRIC	-	no_time
SI-20240419-L-E43	SI	08:20	L	0.010	SKIP	RUBRIC	-	no_time
HG-20240419-S-E55	HG	08:21	S	0.010	SKIP	RUBRIC	-	no_time
SI-20240419-S-E52	SI	08:21	S	0.010	SKIP	RUBRIC	-	no_time
NKD-20240419-L-E61	NK	08:23	L	0.010	SKIP	RUBRIC	-	no_time
SI-20240419-S-E53	SI	08:25	S	0.010	SKIP	RUBRIC	-	no_time
NKD-20240419-S-E67	NK	08:26	S	0.010	SKIP	RUBRIC	-	no_time
HG-20240419-S-E56	HG	08:26	S	0.010	SKIP	RUBRIC	-	no_time
SI-20240419-L-E44	SI	08:28	L	0.010	SKIP	RUBRIC	-	no_time
NKD-20240419-L-E62	NK	08:28	L	0.010	SKIP	RUBRIC	-	no_time
HG-20240419-S-E57	HG	08:29	S	0.010	SKIP	RUBRIC	-	no_time
HG-20240419-L-E60	HG	08:32	L	0.010	SKIP	RUBRIC	-	no_time
NKD-20240419-L-E63	NK	08:33	L	0.064	SKIP	RUBRIC	-	fresh+level_held+wide
SI-20240419-S-E54	SI	08:35	S	0.010	SKIP	RUBRIC	-	no_time
HG-20240419-S-E58	HG	08:35	S	0.010	SKIP	RUBRIC	-	no_time
HG-20240419-L-E61	HG	08:36	L	0.010	SKIP	RUBRIC	-	no_time
HG-20240419-S-E59	HG	08:37	S	0.010	SKIP	RUBRIC	-	no_time
HG-20240419-L-E62	HG	08:39	L	0.010	SKIP	RUBRIC	-	no_time
SI-20240419-L-E45	SI	08:39	L	0.010	SKIP	RUBRIC	-	no_time
NKD-20240419-S-E68	NK	08:43	S	0.129	SKIP	RUBRIC	-	fresh+level_held+flow+fuel+wide
SI-20240419-L-E46	SI	08:44	L	0.010	SKIP	RUBRIC	-	no_time
SI-20240419-S-E55	SI	08:46	S	0.010	SKIP	RUBRIC	-	no_time
NKD-20240419-L-E64	NK	08:46	L	0.010	SKIP	RUBRIC	-	no_room
SI-20240419-L-E47	SI	08:47	L	0.010	SKIP	RUBRIC	-	no_time
HG-20240419-S-E60	HG	08:48	S	0.010	SKIP	RUBRIC	-	no_time
HG-20240419-L-E63	HG	08:48	L	0.010	SKIP	RUBRIC	-	no_time
HG-20240419-S-E61	HG	08:50	S	0.010	SKIP	RUBRIC	-	no_time
NKD-20240419-S-E69	NK	08:51	S	0.010	SKIP	RUBRIC	-	no_room
HG-20240419-L-E64	HG	08:52	L	0.010	SKIP	RUBRIC	-	no_time
HG-20240419-S-E62	HG	08:55	S	0.010	SKIP	RUBRIC	-	no_time
NKD-20240419-L-E65	NK	08:57	L	0.010	SKIP	RUBRIC	-	no_room
HG-20240419-S-E63	HG	09:00	S	0.091	SKIP	RUBRIC	-	fresh+flow
NKD-20240419-S-E70	NK	09:00	S	0.010	SKIP	RUBRIC	-	no_room
HG-20240419-L-E65	HG	09:00	L	0.200	TAKE	OVERRIDE	-	London/NY phase-open reset at 09:00 — the capacity resets to $970 unspent with 4h of phase, price is 6c off the session VWAP, trades/min z +5.2, and both the 5-minute and phase signed flow (+47/+47) run with the long. This is the one structure that paid on all three study days
SI-20240419-S-E56	SI	09:01	S	0.032	SKIP	RUBRIC	-	fresh+flow_against+wide
NKD-20240419-L-E66	NK	09:02	L	0.010	SKIP	RUBRIC	-	no_room
SI-20240419-L-E48	SI	09:04	L	0.045	SKIP	RUBRIC	-	fresh+flow_against
NKD-20240419-S-E71	NK	09:05	S	0.010	SKIP	RUBRIC	-	no_room
HG-20240419-L-E66	HG	09:07	L	0.064	SKIP	RUBRIC	-	fresh+level_held+flow_against
NKD-20240419-L-E67	NK	09:08	L	0.010	SKIP	RUBRIC	-	no_room
HG-20240419-L-E67	HG	09:09	L	0.091	SKIP	RUBRIC	-	fresh+flow
NKD-20240419-L-E68	NK	09:12	L	0.010	SKIP	RUBRIC	-	no_room
HG-20240419-S-E64	HG	09:13	S	0.064	SKIP	RUBRIC	-	fresh+level_held+flow_against
NKD-20240419-S-E72	NK	09:14	S	0.010	SKIP	RUBRIC	-	no_room
SI-20240419-S-E57	SI	09:15	S	0.091	SKIP	RUBRIC	-	fresh+level_held+fuel+wide
SI-20240419-L-E49	SI	09:16	L	0.129	SKIP	RUBRIC	-	fresh+level_held+flow
SI-20240419-S-E58	SI	09:19	S	0.091	SKIP	RUBRIC	-	fresh+flow
HG-20240419-S-E65	HG	09:20	S	0.129	SKIP	RUBRIC	-	fresh+flow+fuel
HG-20240419-L-E68	HG	09:21	L	0.045	SKIP	RUBRIC	-	base
NKD-20240419-L-E69	NK	09:24	L	0.010	SKIP	RUBRIC	-	no_room
HG-20240419-L-E69	HG	09:24	L	0.045	SKIP	RUBRIC	-	base
SI-20240419-L-E50	SI	09:25	L	0.091	SKIP	RUBRIC	-	flow+fuel
SI-20240419-S-E59	SI	09:26	S	0.032	SKIP	RUBRIC	-	flow_against
NKD-20240419-S-E73	NK	09:26	S	0.010	SKIP	RUBRIC	-	no_room
HG-20240419-S-E66	HG	09:27	S	0.129	SKIP	RUBRIC	-	fresh+level_held+flow
NKD-20240419-L-E70	NK	09:28	L	0.010	SKIP	RUBRIC	-	no_room
SI-20240419-S-E60	SI	09:32	S	0.091	SKIP	RUBRIC	-	level_held+flow
NKD-20240419-S-E74	NK	09:32	S	0.010	SKIP	RUBRIC	-	no_room
SI-20240419-L-E51	SI	09:35	L	0.129	SKIP	RUBRIC	-	fresh+flow+fuel
NKD-20240419-S-E75	NK	09:36	S	0.010	SKIP	RUBRIC	-	no_room
NKD-20240419-L-E71	NK	09:38	L	0.010	SKIP	RUBRIC	-	no_room
HG-20240419-L-E70	HG	09:39	L	0.064	SKIP	RUBRIC	-	flow
SI-20240419-S-E61	SI	09:39	S	0.045	SKIP	RUBRIC	-	level_held+flow_against
NKD-20240419-S-E76	NK	09:42	S	0.010	SKIP	RUBRIC	-	no_room
HG-20240419-S-E67	HG	09:42	S	0.045	SKIP	RUBRIC	-	fresh+flow_against
SI-20240419-L-E52	SI	09:44	L	0.129	SKIP	RUBRIC	-	fresh+flow+fuel
HG-20240419-L-E71	HG	09:44	L	0.032	SKIP	RUBRIC	-	flow_against
NKD-20240419-L-E72	NK	09:45	L	0.010	SKIP	RUBRIC	-	no_room
NKD-20240419-S-E77	NK	09:48	S	0.010	SKIP	RUBRIC	-	no_room
SI-20240419-S-E62	SI	09:50	S	0.091	SKIP	RUBRIC	-	level_held+flow
HG-20240419-S-E68	HG	09:50	S	0.129	SKIP	RUBRIC	-	fresh+level_held+flow
NKD-20240419-S-E78	NK	09:51	S	0.010	SKIP	RUBRIC	-	no_room
NKD-20240419-L-E73	NK	09:53	L	0.010	SKIP	RUBRIC	-	no_room
SI-20240419-L-E53	SI	09:53	L	0.129	SKIP	RUBRIC	-	fresh+level_held+flow+fuel+wide
HG-20240419-L-E72	HG	09:54	L	0.045	SKIP	RUBRIC	-	base
HG-20240419-L-E73	HG	09:56	L	0.064	SKIP	RUBRIC	-	flow
NKD-20240419-L-E74	NK	09:56	L	0.064	SKIP	RUBRIC	-	level_held+flow+wide
SI-20240419-S-E63	SI	09:58	S	0.064	SKIP	RUBRIC	-	level_held+flow+wide
HG-20240419-S-E69	HG	09:59	S	0.091	SKIP	RUBRIC	-	fresh+fuel
HG-20240419-L-E74	HG	10:01	L	0.064	SKIP	RUBRIC	-	level_held+flow_against+fuel
HG-20240419-S-E70	HG	10:02	S	0.091	SKIP	RUBRIC	-	fresh+flow
NKD-20240419-S-E79	NK	10:04	S	0.182	TAKE	RUBRIC	-	fresh+level_held+flow+fuel
NKD-20240419-L-E75	NK	10:06	L	0.064	SKIP	RUBRIC	-	level_held+flow+wide
NKD-20240419-S-E80	NK	10:09	S	0.091	SKIP	RUBRIC	-	fresh+level_held+fuel+wide
HG-20240419-L-E75	HG	10:09	L	0.010	SKIP	RUBRIC	-	no_room
NKD-20240419-L-E76	NK	10:11	L	0.045	SKIP	RUBRIC	-	stale+level_held
HG-20240419-S-E71	HG	10:11	S	0.010	SKIP	RUBRIC	-	no_room
SI-20240419-L-E54	SI	10:12	L	0.045	SKIP	RUBRIC	-	fresh+flow_against+fuel+wide
NKD-20240419-S-E81	NK	10:12	S	0.091	SKIP	RUBRIC	-	fresh+level_held+flow+wide
SI-20240419-S-E64	SI	10:12	S	0.091	SKIP	RUBRIC	-	level_held+flow
HG-20240419-L-E76	HG	10:15	L	0.010	SKIP	RUBRIC	-	no_room
NKD-20240419-L-E77	NK	10:16	L	0.032	SKIP	RUBRIC	-	stale+level_held+wide
NKD-20240419-L-E78	NK	10:20	L	0.064	SKIP	RUBRIC	-	stale+level_held+flow
SI-20240419-S-E65	SI	10:21	S	0.064	SKIP	RUBRIC	-	level_held+flow+wide
HG-20240419-L-E77	HG	10:22	L	0.010	SKIP	RUBRIC	-	no_room
HG-20240419-L-E78	HG	10:25	L	0.010	SKIP	RUBRIC	-	no_room
SI-20240419-S-E66	SI	10:29	S	0.064	SKIP	RUBRIC	-	level_held+flow+wide
SI-20240419-L-E55	SI	10:30	L	0.064	SKIP	RUBRIC	-	fresh+level_held+flow_against+fuel+wide
NKD-20240419-S-E82	NK	10:31	S	0.129	SKIP	RUBRIC	-	fresh+level_held+flow+fuel+wide
HG-20240419-S-E72	HG	10:36	S	0.010	SKIP	RUBRIC	-	no_room
SI-20240419-L-E56	SI	10:37	L	0.129	SKIP	RUBRIC	-	fresh+level_held+flow
HG-20240419-L-E79	HG	10:39	L	0.010	SKIP	RUBRIC	-	no_room
NKD-20240419-L-E79	NK	10:40	L	0.045	SKIP	RUBRIC	-	stale+level_held+flow+wide
SI-20240419-L-E57	SI	10:41	L	0.064	SKIP	RUBRIC	-	fresh+level_held+wide
NKD-20240419-S-E83	NK	10:42	S	0.045	SKIP	RUBRIC	-	level_held+wide
HG-20240419-S-E73	HG	10:42	S	0.010	SKIP	RUBRIC	-	no_room
NKD-20240419-L-E80	NK	10:46	L	0.045	SKIP	RUBRIC	-	stale+level_held+flow+wide
HG-20240419-S-E74	HG	10:47	S	0.010	SKIP	RUBRIC	-	no_room
SI-20240419-S-E67	SI	10:47	S	0.064	SKIP	RUBRIC	-	level_held
HG-20240419-L-E80	HG	10:48	L	0.010	SKIP	RUBRIC	-	no_room
SI-20240419-L-E58	SI	10:48	L	0.091	SKIP	RUBRIC	-	level_held+flow
NKD-20240419-S-E84	NK	10:49	S	0.091	SKIP	RUBRIC	-	level_held+flow+fuel+wide
HG-20240419-L-E81	HG	10:51	L	0.010	SKIP	RUBRIC	-	no_room
NKD-20240419-L-E81	NK	10:51	L	0.045	SKIP	RUBRIC	-	stale+level_held
HG-20240419-S-E75	HG	10:53	S	0.010	SKIP	RUBRIC	-	no_room
SI-20240419-S-E68	SI	10:53	S	0.064	SKIP	RUBRIC	-	stale+level_held+flow
NKD-20240419-S-E85	NK	10:54	S	0.091	SKIP	RUBRIC	-	level_held+flow+fuel+wide
HG-20240419-L-E82	HG	10:56	L	0.010	SKIP	RUBRIC	-	no_room
NKD-20240419-L-E82	NK	10:58	L	0.045	SKIP	RUBRIC	-	stale+level_held
SI-20240419-L-E59	SI	11:00	L	0.064	SKIP	RUBRIC	-	level_held
HG-20240419-S-E76	HG	11:00	S	0.010	SKIP	RUBRIC	-	no_room
NKD-20240419-S-E86	NK	11:01	S	0.064	SKIP	RUBRIC	-	level_held+fuel+wide
NKD-20240419-L-E83	NK	11:02	L	0.064	SKIP	RUBRIC	-	stale+level_held+flow
HG-20240419-L-E83	HG	11:02	L	0.010	SKIP	RUBRIC	-	no_room
NKD-20240419-S-E87	NK	11:08	S	0.064	SKIP	RUBRIC	-	fresh+fuel+wide
SI-20240419-S-E69	SI	11:09	S	0.064	SKIP	RUBRIC	-	stale+level_held+flow
HG-20240419-S-E77	HG	11:09	S	0.010	SKIP	RUBRIC	-	no_room
HG-20240419-L-E84	HG	11:12	L	0.010	SKIP	RUBRIC	-	no_room
SI-20240419-S-E70	SI	11:13	S	0.045	SKIP	RUBRIC	-	stale+level_held+flow+wide
HG-20240419-S-E78	HG	11:13	S	0.010	SKIP	RUBRIC	-	no_room
HG-20240419-L-E85	HG	11:18	L	0.010	SKIP	RUBRIC	-	no_room
NKD-20240419-L-E84	NK	11:18	L	0.045	SKIP	RUBRIC	-	stale+level_held+flow+wide
SI-20240419-S-E71	SI	11:20	S	0.045	SKIP	RUBRIC	-	stale+level_held+flow+wide
SI-20240419-L-E60	SI	11:37	L	0.064	SKIP	RUBRIC	-	level_held+fuel+wide
HG-20240419-S-E79	HG	11:39	S	0.010	SKIP	RUBRIC	-	no_room
SI-20240419-S-E72	SI	11:39	S	0.045	SKIP	RUBRIC	-	stale+level_held+flow+wide
SI-20240419-L-E61	SI	11:41	L	0.064	SKIP	RUBRIC	-	level_held+flow+wide
NKD-20240419-S-E88	NK	11:42	S	0.129	SKIP	RUBRIC	-	fresh+level_held+flow+fuel+wide
HG-20240419-L-E86	HG	11:42	L	0.010	SKIP	RUBRIC	-	no_room
HG-20240419-L-E87	HG	11:46	L	0.010	SKIP	RUBRIC	-	no_room
NKD-20240419-L-E85	NK	11:49	L	0.032	SKIP	RUBRIC	-	stale+flow+wide
SI-20240419-L-E62	SI	11:49	L	0.064	SKIP	RUBRIC	-	level_held
HG-20240419-S-E80	HG	11:50	S	0.091	SKIP	RUBRIC	-	fresh+level_held+flow_against+fuel
HG-20240419-L-E88	HG	11:51	L	0.091	SKIP	RUBRIC	-	level_held+flow
NKD-20240419-L-E86	NK	11:52	L	0.045	SKIP	RUBRIC	-	stale+flow
NKD-20240419-S-E89	NK	11:53	S	0.064	SKIP	RUBRIC	-	level_held+fuel+wide
SI-20240419-S-E73	SI	11:55	S	0.064	SKIP	RUBRIC	-	stale+level_held+flow
HG-20240419-S-E81	HG	11:57	S	0.182	SKIP	RUBRIC	-	fresh+level_held+flow+fuel
NKD-20240419-L-E87	NK	11:58	L	0.045	SKIP	RUBRIC	-	stale+level_held+flow+wide
HG-20240419-L-E89	HG	11:59	L	0.064	SKIP	RUBRIC	-	stale+level_held+flow
NKD-20240419-S-E90	NK	11:59	S	0.129	SKIP	RUBRIC	-	level_held+flow+fuel
HG-20240419-S-E82	HG	12:02	S	0.182	SKIP	RUBRIC	-	fresh+level_held+flow+fuel
SI-20240419-S-E74	SI	12:05	S	0.064	SKIP	RUBRIC	-	stale+level_held+flow
HG-20240419-L-E90	HG	12:05	L	0.064	SKIP	RUBRIC	-	stale+level_held+flow
NKD-20240419-L-E88	NK	12:07	L	0.064	SKIP	RUBRIC	-	stale+level_held+flow
NKD-20240419-S-E91	NK	12:11	S	0.045	SKIP	RUBRIC	-	flow_against+fuel
HG-20240419-S-E83	HG	12:11	S	0.091	SKIP	RUBRIC	-	fresh+level_held+flow_against+fuel
SI-20240419-L-E63	SI	12:13	L	0.045	SKIP	RUBRIC	-	stale+level_held+flow+wide
NKD-20240419-S-E92	NK	12:14	S	0.064	SKIP	RUBRIC	-	level_held+fuel+wide
HG-20240419-S-E84	HG	12:17	S	0.182	SKIP	RUBRIC	-	fresh+level_held+flow+fuel
SI-20240419-S-E75	SI	12:17	S	0.064	SKIP	RUBRIC	-	stale+level_held+flow
NKD-20240419-S-E93	NK	12:23	S	0.010	SKIP	RUBRIC	-	no_time
SI-20240419-L-E64	SI	12:28	L	0.010	SKIP	RUBRIC	-	no_time
NKD-20240419-L-E89	NK	12:30	L	0.010	SKIP	RUBRIC	-	no_time
HG-20240419-L-E91	HG	12:34	L	0.010	SKIP	RUBRIC	-	no_time
NKD-20240419-L-E90	NK	12:35	L	0.010	SKIP	RUBRIC	-	no_time
HG-20240419-L-E92	HG	12:36	L	0.010	SKIP	RUBRIC	-	no_time
SI-20240419-S-E76	SI	12:37	S	0.010	SKIP	RUBRIC	-	no_time
HG-20240419-S-E85	HG	12:38	S	0.010	SKIP	RUBRIC	-	no_time
HG-20240419-L-E93	HG	12:40	L	0.010	SKIP	RUBRIC	-	no_time
NKD-20240419-S-E94	NK	12:43	S	0.010	SKIP	RUBRIC	-	no_time
NKD-20240419-L-E91	NK	12:48	L	0.010	SKIP	RUBRIC	-	no_time
SI-20240419-L-E65	SI	12:48	L	0.010	SKIP	RUBRIC	-	no_time
NKD-20240419-S-E95	NK	12:56	S	0.010	SKIP	RUBRIC	-	no_time
HG-20240419-L-E94	HG	12:57	L	0.010	SKIP	RUBRIC	-	no_time
NKD-20240419-L-E92	NK	12:57	L	0.010	SKIP	RUBRIC	-	no_time
HG-20240419-S-E86	HG	12:58	S	0.010	SKIP	RUBRIC	-	no_time
SI-20240419-S-E77	SI	12:59	S	0.010	SKIP	RUBRIC	-	no_time
HG-20240419-L-E95	HG	13:01	L	0.064	SKIP	RUBRIC	-	fresh+level_held+flow_against
NKD-20240419-S-E96	NK	13:03	S	0.064	SKIP	RUBRIC	-	fresh
SI-20240419-S-E78	SI	13:06	S	0.064	SKIP	RUBRIC	-	fresh+level_held+flow_against
SI-20240419-L-E66	SI	13:07	L	0.064	SKIP	RUBRIC	-	fresh+level_held+flow_against+fuel+wide
HG-20240419-S-E87	HG	13:09	S	0.182	TAKE	RUBRIC	-	fresh+level_held+flow+fuel
HG-20240419-L-E96	HG	13:11	L	0.091	SKIP	RUBRIC	-	fresh+level_held
SI-20240419-S-E79	SI	13:12	S	0.180	TAKE	OVERRIDE	-	NY-open capacity: $2,487 unspent and ~9h of runway, price 6c from a level, 5-min flow -85 and phase -102 both with the short, and the trapped map is 1,063 above vs 0 below
HG-20240419-S-E88	HG	13:14	S	0.200	SKIP	OVERRIDE	-	NY phase, 13:14: the day's strongest one-sided flow — 5-min -396 and phase -431 with the short — into 1,320 of trapped volume above vs 39 below, a level 37c away, and $1,282 of unspent phase move to travel into
NKD-20240419-S-E97	NK	13:15	S	0.091	SKIP	RUBRIC	-	fresh+flow
HG-20240419-L-E97	HG	13:17	L	0.045	SKIP	RUBRIC	-	fresh+flow_against
NKD-20240419-L-E93	NK	13:18	L	0.091	SKIP	RUBRIC	-	fresh+level_held
SI-20240419-L-E67	SI	13:19	L	0.129	SKIP	RUBRIC	-	fresh+level_held+flow+fuel+wide
NKD-20240419-S-E98	NK	13:23	S	0.091	SKIP	RUBRIC	-	fresh+flow
HG-20240419-S-E89	HG	13:23	S	0.064	SKIP	RUBRIC	-	flow
HG-20240419-L-E98	HG	13:25	L	0.091	SKIP	RUBRIC	-	fresh+flow
NKD-20240419-L-E94	NK	13:26	L	0.129	SKIP	RUBRIC	-	fresh+level_held+flow
SI-20240419-L-E68	SI	13:27	L	0.091	SKIP	RUBRIC	-	fresh+level_held+flow+wide
HG-20240419-L-E99	HG	13:35	L	0.064	SKIP	RUBRIC	-	level_held
SI-20240419-L-E69	SI	13:40	L	0.064	SKIP	RUBRIC	-	level_held+flow+wide
SI-20240419-S-E80	SI	13:48	S	0.091	SKIP	RUBRIC	-	fresh+flow+fuel+wide
NKD-20240419-S-E99	NK	13:48	S	0.091	SKIP	RUBRIC	-	fresh+level_held+fuel+wide
HG-20240419-S-E90	HG	13:48	S	0.091	SKIP	RUBRIC	-	fresh+level_held+flow_against+fuel
NKD-20240419-S-E100	NK	13:50	S	0.045	SKIP	RUBRIC	-	fresh+level_held+flow_against+wide
HG-20240419-L-E100	HG	13:54	L	0.045	SKIP	RUBRIC	-	level_held+flow_against
SI-20240419-S-E81	SI	13:54	S	0.129	SKIP	RUBRIC	-	fresh+flow+fuel
HG-20240419-S-E91	HG	13:57	S	0.182	SKIP	RUBRIC	-	fresh+level_held+flow+fuel
NKD-20240419-L-E95	NK	13:57	L	0.091	SKIP	RUBRIC	-	level_held+flow
SI-20240419-S-E82	SI	14:00	S	0.064	SKIP	RUBRIC	-	level_held+flow+wide
HG-20240419-S-E92	HG	14:03	S	0.091	SKIP	RUBRIC	-	fresh+level_held
NKD-20240419-S-E101	NK	14:03	S	0.129	SKIP	RUBRIC	-	level_held+flow+fuel
HG-20240419-L-E101	HG	14:05	L	0.091	SKIP	RUBRIC	-	level_held+flow
SI-20240419-L-E70	SI	14:05	L	0.045	SKIP	RUBRIC	-	fresh+level_held+flow_against+wide
NKD-20240419-S-E102	NK	14:08	S	0.091	SKIP	RUBRIC	-	level_held+flow
HG-20240419-L-E102	HG	14:09	L	0.045	SKIP	RUBRIC	-	flow_against+fuel
HG-20240419-S-E93	HG	14:10	S	0.091	SKIP	RUBRIC	-	level_held+flow
SI-20240419-S-E83	SI	14:10	S	0.045	SKIP	RUBRIC	-	level_held+flow_against
HG-20240419-L-E103	HG	14:12	L	0.045	SKIP	RUBRIC	-	flow_against+fuel
HG-20240419-S-E94	HG	14:13	S	0.045	SKIP	RUBRIC	-	base
NKD-20240419-L-E96	NK	14:15	L	0.064	SKIP	RUBRIC	-	level_held
SI-20240419-L-E71	SI	14:16	L	0.091	SKIP	RUBRIC	-	fresh+flow
HG-20240419-L-E104	HG	14:18	L	0.091	SKIP	RUBRIC	-	flow+fuel
SI-20240419-S-E84	SI	14:18	S	0.091	SKIP	RUBRIC	-	level_held+fuel
SI-20240419-L-E72	SI	14:20	L	0.064	SKIP	RUBRIC	-	level_held+flow+wide
NKD-20240419-L-E97	NK	14:21	L	0.091	SKIP	RUBRIC	-	level_held+flow
HG-20240419-L-E105	HG	14:22	L	0.091	SKIP	RUBRIC	-	level_held+flow
SI-20240419-S-E85	SI	14:27	S	0.045	SKIP	RUBRIC	-	level_held+flow_against+fuel+wide
HG-20240419-S-E95	HG	14:28	S	0.091	SKIP	RUBRIC	-	level_held+flow
HG-20240419-L-E106	HG	14:30	L	0.045	SKIP	RUBRIC	-	level_held+flow_against
SI-20240419-L-E73	SI	14:30	L	0.091	SKIP	RUBRIC	-	level_held+flow
SI-20240419-S-E86	SI	14:34	S	0.129	SKIP	RUBRIC	-	fresh+level_held+fuel
SI-20240419-S-E87	SI	14:41	S	0.129	SKIP	RUBRIC	-	fresh+level_held+flow+fuel+wide
HG-20240419-S-E96	HG	14:42	S	0.129	SKIP	RUBRIC	-	level_held+flow+fuel
SI-20240419-L-E74	SI	14:43	L	0.064	SKIP	RUBRIC	-	level_held
NKD-20240419-S-E103	NK	14:43	S	0.091	SKIP	RUBRIC	-	fresh+flow+fuel+wide
HG-20240419-L-E107	HG	14:45	L	0.091	SKIP	RUBRIC	-	level_held+flow
NKD-20240419-S-E104	NK	14:48	S	0.091	SKIP	RUBRIC	-	fresh+level_held+flow+wide
HG-20240419-S-E97	HG	14:49	S	0.182	SKIP	RUBRIC	-	fresh+level_held+flow+fuel
SI-20240419-S-E88	SI	14:51	S	0.182	SKIP	RUBRIC	-	fresh+level_held+flow+fuel
NKD-20240419-L-E98	NK	14:51	L	0.064	SKIP	RUBRIC	-	flow
HG-20240419-L-E108	HG	14:52	L	0.045	SKIP	RUBRIC	-	level_held+flow_against
HG-20240419-S-E98	HG	14:56	S	0.182	SKIP	RUBRIC	-	fresh+level_held+flow+fuel
NKD-20240419-L-E99	NK	15:00	L	0.045	SKIP	RUBRIC	-	stale+level_held
HG-20240419-L-E109	HG	15:01	L	0.064	SKIP	RUBRIC	-	stale+level_held+flow
SI-20240419-L-E75	SI	15:02	L	0.045	SKIP	RUBRIC	-	level_held+flow_against
HG-20240419-S-E99	HG	15:03	S	0.129	SKIP	RUBRIC	-	fresh+level_held+flow
SI-20240419-S-E89	SI	15:05	S	0.064	SKIP	RUBRIC	-	flow+fuel+wide
HG-20240419-L-E110	HG	15:06	L	0.032	SKIP	RUBRIC	-	stale+level_held+flow_against
NKD-20240419-S-E105	NK	15:07	S	0.064	SKIP	RUBRIC	-	fresh+level_held+flow_against+fuel+wide
SI-20240419-L-E76	SI	15:11	L	0.091	SKIP	RUBRIC	-	level_held+flow
HG-20240419-L-E111	HG	15:11	L	0.045	SKIP	RUBRIC	-	stale+level_held
HG-20240419-S-E100	HG	15:14	S	0.064	SKIP	RUBRIC	-	fresh+level_held+flow_against
NKD-20240419-S-E106	NK	15:14	S	0.182	TAKE	RUBRIC	-	fresh+level_held+flow+fuel
SI-20240419-S-E90	SI	15:15	S	0.064	SKIP	RUBRIC	-	level_held+flow+wide
HG-20240419-S-E101	HG	15:18	S	0.045	SKIP	RUBRIC	-	level_held+flow_against
HG-20240419-L-E112	HG	15:19	L	0.045	SKIP	RUBRIC	-	stale+flow
SI-20240419-L-E77	SI	15:20	L	0.032	SKIP	RUBRIC	-	level_held+flow_against+wide
NKD-20240419-S-E107	NK	15:22	S	0.032	SKIP	RUBRIC	-	wide
SI-20240419-S-E91	SI	15:24	S	0.045	SKIP	RUBRIC	-	level_held+flow_against+fuel+wide
HG-20240419-S-E102	HG	15:24	S	0.064	SKIP	RUBRIC	-	level_held+flow_against+fuel
HG-20240419-L-E113	HG	15:25	L	0.064	SKIP	RUBRIC	-	stale+level_held+flow
NKD-20240419-S-E108	NK	15:27	S	0.064	SKIP	RUBRIC	-	level_held+flow+wide
HG-20240419-S-E103	HG	15:27	S	0.064	SKIP	RUBRIC	-	level_held+flow_against+fuel
SI-20240419-S-E92	SI	15:27	S	0.045	SKIP	RUBRIC	-	level_held+flow_against+fuel+wide
HG-20240419-L-E114	HG	15:28	L	0.064	SKIP	RUBRIC	-	stale+level_held+flow
SI-20240419-L-E78	SI	15:29	L	0.091	SKIP	RUBRIC	-	level_held+flow
NKD-20240419-L-E100	NK	15:30	L	0.091	SKIP	RUBRIC	-	stale+level_held+flow+fuel
NKD-20240419-S-E109	NK	15:30	S	0.045	SKIP	RUBRIC	-	level_held+wide
HG-20240419-S-E104	HG	15:30	S	0.064	SKIP	RUBRIC	-	level_held+flow_against+fuel
SI-20240419-S-E93	SI	15:30	S	0.129	SKIP	RUBRIC	-	fresh+level_held+fuel
HG-20240419-L-E115	HG	15:31	L	0.064	SKIP	RUBRIC	-	stale+level_held+flow
NKD-20240419-S-E110	NK	15:37	S	0.064	SKIP	RUBRIC	-	level_held+flow+wide
HG-20240419-L-E116	HG	15:37	L	0.064	SKIP	RUBRIC	-	stale+level_held+flow
HG-20240419-S-E105	HG	15:38	S	0.129	SKIP	RUBRIC	-	level_held+flow+fuel
NKD-20240419-L-E101	NK	15:42	L	0.045	SKIP	RUBRIC	-	stale+flow
NKD-20240419-S-E111	NK	15:42	S	0.032	SKIP	RUBRIC	-	wide
SI-20240419-S-E94	SI	15:42	S	0.129	SKIP	RUBRIC	-	fresh+flow+fuel
HG-20240419-L-E117	HG	15:43	L	0.032	SKIP	RUBRIC	-	stale+level_held+flow_against
SI-20240419-L-E79	SI	15:43	L	0.022	SKIP	RUBRIC	-	stale+flow_against
HG-20240419-S-E106	HG	15:43	S	0.129	SKIP	RUBRIC	-	level_held+flow+fuel
HG-20240419-S-E107	HG	15:47	S	0.129	SKIP	RUBRIC	-	level_held+flow+fuel
SI-20240419-S-E95	SI	15:47	S	0.064	SKIP	RUBRIC	-	fresh+flow_against+fuel
NKD-20240419-S-E112	NK	15:49	S	0.091	SKIP	RUBRIC	-	fresh+level_held+fuel+wide
SI-20240419-S-E96	SI	15:50	S	0.129	SKIP	RUBRIC	-	fresh+level_held+flow+fuel+wide
HG-20240419-L-E118	HG	15:51	L	0.064	SKIP	RUBRIC	-	stale+level_held+flow
SI-20240419-L-E80	SI	15:53	L	0.032	SKIP	RUBRIC	-	stale+level_held+flow_against
NKD-20240419-L-E102	NK	15:54	L	0.032	SKIP	RUBRIC	-	stale
HG-20240419-S-E108	HG	15:55	S	0.091	SKIP	RUBRIC	-	level_held+fuel
SI-20240419-S-E97	SI	15:55	S	0.064	SKIP	RUBRIC	-	fresh+level_held+flow_against+fuel+wide
HG-20240419-L-E119	HG	15:57	L	0.064	SKIP	RUBRIC	-	stale+level_held+flow
SI-20240419-S-E98	SI	15:58	S	0.129	SKIP	RUBRIC	-	fresh+level_held+flow+fuel+wide
HG-20240419-S-E109	HG	15:58	S	0.091	SKIP	RUBRIC	-	level_held+flow
NKD-20240419-L-E103	NK	15:59	L	0.045	SKIP	RUBRIC	-	stale+flow
HG-20240419-L-E120	HG	15:59	L	0.032	SKIP	RUBRIC	-	stale+level_held+flow_against
NKD-20240419-S-E113	NK	16:00	S	0.045	SKIP	RUBRIC	-	fresh+level_held+flow_against+wide
SI-20240419-L-E81	SI	16:04	L	0.045	SKIP	RUBRIC	-	stale+level_held+flow+wide
HG-20240419-L-E121	HG	16:05	L	0.064	SKIP	RUBRIC	-	stale+level_held+flow
NKD-20240419-L-E104	NK	16:05	L	0.045	SKIP	RUBRIC	-	stale+flow
NKD-20240419-S-E114	NK	16:07	S	0.032	SKIP	RUBRIC	-	wide
SI-20240419-S-E99	SI	16:12	S	0.129	SKIP	RUBRIC	-	level_held+flow+fuel
NKD-20240419-S-E115	NK	16:12	S	0.064	SKIP	RUBRIC	-	level_held
HG-20240419-S-E110	HG	16:12	S	0.064	SKIP	RUBRIC	-	level_held+flow_against+fuel
HG-20240419-L-E122	HG	16:12	L	0.064	SKIP	RUBRIC	-	stale+level_held+flow
NKD-20240419-L-E105	NK	16:14	L	0.064	SKIP	RUBRIC	-	stale+level_held+fuel
NKD-20240419-S-E116	NK	16:15	S	0.064	SKIP	RUBRIC	-	level_held+flow+wide
SI-20240419-S-E100	SI	16:15	S	0.091	SKIP	RUBRIC	-	flow+fuel
SI-20240419-L-E82	SI	16:17	L	0.032	SKIP	RUBRIC	-	stale+flow+wide
HG-20240419-L-E123	HG	16:17	L	0.064	SKIP	RUBRIC	-	stale+level_held+flow
NKD-20240419-L-E106	NK	16:19	L	0.129	SKIP	RUBRIC	-	fresh+flow+fuel
NKD-20240419-S-E117	NK	16:19	S	0.045	SKIP	RUBRIC	-	level_held+wide
NKD-20240419-L-E107	NK	16:23	L	0.091	SKIP	RUBRIC	-	fresh+level_held+fuel+wide
NKD-20240419-S-E118	NK	16:24	S	0.064	SKIP	RUBRIC	-	level_held+flow+wide
SI-20240419-S-E101	SI	16:26	S	0.064	SKIP	RUBRIC	-	fresh+level_held+flow_against+fuel+wide
HG-20240419-S-E111	HG	16:26	S	0.129	SKIP	RUBRIC	-	fresh+flow+fuel
HG-20240419-L-E124	HG	16:27	L	0.064	SKIP	RUBRIC	-	stale+level_held+flow
NKD-20240419-L-E108	NK	16:31	L	0.091	SKIP	RUBRIC	-	fresh+level_held+fuel+wide
SI-20240419-L-E83	SI	16:32	L	0.064	SKIP	RUBRIC	-	stale+level_held+flow
HG-20240419-S-E112	HG	16:34	S	0.010	SKIP	RUBRIC	-	no_room
NKD-20240419-S-E119	NK	16:34	S	0.064	SKIP	RUBRIC	-	level_held
SI-20240419-S-E102	SI	16:34	S	0.129	SKIP	RUBRIC	-	fresh+level_held+flow+fuel+wide
HG-20240419-L-E125	HG	16:35	L	0.010	SKIP	RUBRIC	-	no_room
SI-20240419-L-E84	SI	16:37	L	0.032	SKIP	RUBRIC	-	stale+level_held+flow_against
HG-20240419-L-E126	HG	16:38	L	0.010	SKIP	RUBRIC	-	no_room
HG-20240419-S-E113	HG	16:39	S	0.010	SKIP	RUBRIC	-	no_room
NKD-20240419-S-E120	NK	16:39	S	0.091	SKIP	RUBRIC	-	level_held+flow
NKD-20240419-L-E109	NK	16:40	L	0.091	SKIP	RUBRIC	-	fresh+fuel
HG-20240419-L-E127	HG	16:41	L	0.010	SKIP	RUBRIC	-	no_room
SI-20240419-S-E103	SI	16:43	S	0.064	SKIP	RUBRIC	-	level_held+flow_against+fuel
SI-20240419-L-E85	SI	16:44	L	0.064	SKIP	RUBRIC	-	stale+level_held+flow
HG-20240419-S-E114	HG	16:44	S	0.010	SKIP	RUBRIC	-	no_room
HG-20240419-L-E128	HG	16:45	L	0.010	SKIP	RUBRIC	-	no_room
NKD-20240419-S-E121	NK	16:48	S	0.091	SKIP	RUBRIC	-	level_held+flow
NKD-20240419-L-E110	NK	16:51	L	0.064	SKIP	RUBRIC	-	level_held+fuel+wide
HG-20240419-S-E115	HG	16:51	S	0.010	SKIP	RUBRIC	-	no_room
SI-20240419-S-E104	SI	16:51	S	0.045	SKIP	RUBRIC	-	level_held+flow_against+fuel+wide
SI-20240419-L-E86	SI	16:52	L	0.064	SKIP	RUBRIC	-	stale+level_held+flow
NKD-20240419-S-E122	NK	16:53	S	0.064	SKIP	RUBRIC	-	level_held+flow+wide
NKD-20240419-L-E111	NK	16:54	L	0.064	SKIP	RUBRIC	-	level_held+flow+wide
HG-20240419-L-E129	HG	16:55	L	0.010	SKIP	RUBRIC	-	no_room
SI-20240419-L-E87	SI	16:56	L	0.045	SKIP	RUBRIC	-	stale+level_held
HG-20240419-S-E116	HG	16:57	S	0.010	SKIP	RUBRIC	-	no_room
SI-20240419-S-E105	SI	16:57	S	0.129	SKIP	RUBRIC	-	fresh+level_held+flow+fuel+wide
NKD-20240419-S-E123	NK	16:57	S	0.032	SKIP	RUBRIC	-	wide
HG-20240419-L-E130	HG	17:00	L	0.010	SKIP	RUBRIC	-	no_room
SI-20240419-L-E88	SI	17:00	L	0.032	SKIP	RUBRIC	-	stale+level_held+wide
NKD-20240419-S-E124	NK	17:02	S	0.064	SKIP	RUBRIC	-	flow
NKD-20240419-L-E112	NK	17:03	L	0.091	SKIP	RUBRIC	-	level_held+fuel
SI-20240419-S-E106	SI	17:03	S	0.182	SKIP	RUBRIC	-	fresh+level_held+flow+fuel
SI-20240419-L-E89	SI	17:04	L	0.022	SKIP	RUBRIC	-	stale+level_held+flow_against+wide
NKD-20240419-L-E113	NK	17:07	L	0.091	SKIP	RUBRIC	-	flow+fuel
SI-20240419-S-E107	SI	17:12	S	0.010	SKIP	RUBRIC	-	no_room
HG-20240419-S-E117	HG	17:13	S	0.010	SKIP	RUBRIC	-	no_room
NKD-20240419-S-E125	NK	17:13	S	0.064	SKIP	RUBRIC	-	flow
SI-20240419-L-E90	SI	17:13	L	0.010	SKIP	RUBRIC	-	no_room
NKD-20240419-L-E114	NK	17:14	L	0.129	SKIP	RUBRIC	-	level_held+flow+fuel
HG-20240419-S-E118	HG	17:15	S	0.010	SKIP	RUBRIC	-	no_room
SI-20240419-S-E108	SI	17:15	S	0.010	SKIP	RUBRIC	-	no_room
NKD-20240419-S-E126	NK	17:16	S	0.091	SKIP	RUBRIC	-	level_held+flow
SI-20240419-L-E91	SI	17:20	L	0.010	SKIP	RUBRIC	-	no_room
SI-20240419-S-E109	SI	17:21	S	0.010	SKIP	RUBRIC	-	no_room
NKD-20240419-S-E127	NK	17:22	S	0.032	SKIP	RUBRIC	-	wide
HG-20240419-L-E131	HG	17:22	L	0.010	SKIP	RUBRIC	-	no_room
HG-20240419-S-E119	HG	17:23	S	0.010	SKIP	RUBRIC	-	no_room
SI-20240419-L-E92	SI	17:23	L	0.010	SKIP	RUBRIC	-	no_room
HG-20240419-L-E132	HG	17:26	L	0.010	SKIP	RUBRIC	-	no_room
NKD-20240419-L-E115	NK	17:26	L	0.129	SKIP	RUBRIC	-	level_held+flow+fuel
NKD-20240419-S-E128	NK	17:27	S	0.045	SKIP	RUBRIC	-	stale+level_held
HG-20240419-S-E120	HG	17:27	S	0.010	SKIP	RUBRIC	-	no_room
SI-20240419-S-E110	SI	17:27	S	0.010	SKIP	RUBRIC	-	no_room
SI-20240419-L-E93	SI	17:28	L	0.010	SKIP	RUBRIC	-	no_room
HG-20240419-L-E133	HG	17:30	L	0.010	SKIP	RUBRIC	-	no_room
NKD-20240419-L-E116	NK	17:30	L	0.064	SKIP	RUBRIC	-	level_held+fuel+wide
HG-20240419-S-E121	HG	17:32	S	0.010	SKIP	RUBRIC	-	no_room
SI-20240419-S-E111	SI	17:33	S	0.010	SKIP	RUBRIC	-	no_room
NKD-20240419-S-E129	NK	17:33	S	0.064	SKIP	RUBRIC	-	stale+level_held+flow
HG-20240419-L-E134	HG	17:37	L	0.010	SKIP	RUBRIC	-	no_room
NKD-20240419-L-E117	NK	17:37	L	0.064	SKIP	RUBRIC	-	level_held+fuel+wide
SI-20240419-L-E94	SI	17:37	L	0.010	SKIP	RUBRIC	-	no_room
NKD-20240419-S-E130	NK	17:38	S	0.064	SKIP	RUBRIC	-	stale+level_held+flow
HG-20240419-S-E122	HG	17:40	S	0.010	SKIP	RUBRIC	-	no_room
SI-20240419-S-E112	SI	17:40	S	0.010	SKIP	RUBRIC	-	no_room
NKD-20240419-S-E131	NK	17:41	S	0.045	SKIP	RUBRIC	-	stale+level_held
HG-20240419-S-E123	HG	17:43	S	0.010	SKIP	RUBRIC	-	no_room
NKD-20240419-S-E132	NK	17:44	S	0.045	SKIP	RUBRIC	-	stale+level_held+flow+wide
SI-20240419-S-E113	SI	17:44	S	0.010	SKIP	RUBRIC	-	no_room
HG-20240419-L-E135	HG	17:46	L	0.010	SKIP	RUBRIC	-	no_room
NKD-20240419-L-E118	NK	17:46	L	0.091	SKIP	RUBRIC	-	level_held+flow+fuel+wide
SI-20240419-L-E95	SI	17:47	L	0.010	SKIP	RUBRIC	-	no_room
HG-20240419-S-E124	HG	17:50	S	0.010	SKIP	RUBRIC	-	no_room
NKD-20240419-S-E133	NK	17:51	S	0.064	SKIP	RUBRIC	-	stale+level_held+flow
HG-20240419-L-E136	HG	17:52	L	0.010	SKIP	RUBRIC	-	no_room
NKD-20240419-L-E119	NK	17:53	L	0.045	SKIP	RUBRIC	-	fuel+wide
HG-20240419-S-E125	HG	17:53	S	0.010	SKIP	RUBRIC	-	no_room
NKD-20240419-S-E134	NK	17:55	S	0.032	SKIP	RUBRIC	-	stale+flow+wide
HG-20240419-S-E126	HG	17:57	S	0.010	SKIP	RUBRIC	-	no_room
SI-20240419-L-E96	SI	17:58	L	0.010	SKIP	RUBRIC	-	no_room
HG-20240419-L-E137	HG	17:58	L	0.010	SKIP	RUBRIC	-	no_room
NKD-20240419-L-E120	NK	18:00	L	0.064	SKIP	RUBRIC	-	level_held+fuel+wide
HG-20240419-L-E138	HG	18:02	L	0.010	SKIP	RUBRIC	-	no_room
HG-20240419-S-E127	HG	18:03	S	0.010	SKIP	RUBRIC	-	no_room
NKD-20240419-S-E135	NK	18:03	S	0.045	SKIP	RUBRIC	-	stale+level_held+flow+wide
SI-20240419-S-E114	SI	18:03	S	0.010	SKIP	RUBRIC	-	no_room
HG-20240419-S-E128	HG	18:06	S	0.010	SKIP	RUBRIC	-	no_room
HG-20240419-S-E129	HG	18:10	S	0.010	SKIP	RUBRIC	-	no_room
SI-20240419-S-E115	SI	18:10	S	0.010	SKIP	RUBRIC	-	no_room
NKD-20240419-L-E121	NK	18:11	L	0.129	SKIP	RUBRIC	-	fresh+level_held+flow+fuel+wide
HG-20240419-S-E130	HG	18:12	S	0.010	SKIP	RUBRIC	-	no_room
NKD-20240419-S-E136	NK	18:12	S	0.010	SKIP	RUBRIC	-	no_room
HG-20240419-L-E139	HG	18:15	L	0.010	SKIP	RUBRIC	-	no_room
HG-20240419-S-E131	HG	18:15	S	0.010	SKIP	RUBRIC	-	no_room
HG-20240419-L-E140	HG	18:18	L	0.010	SKIP	RUBRIC	-	no_room
HG-20240419-S-E132	HG	18:19	S	0.010	SKIP	RUBRIC	-	no_room
SI-20240419-S-E116	SI	18:19	S	0.010	SKIP	RUBRIC	-	no_room
HG-20240419-L-E141	HG	18:22	L	0.010	SKIP	RUBRIC	-	no_room
SI-20240419-L-E97	SI	18:22	L	0.010	SKIP	RUBRIC	-	no_room
SI-20240419-S-E117	SI	18:24	S	0.010	SKIP	RUBRIC	-	no_room
HG-20240419-S-E133	HG	18:25	S	0.010	SKIP	RUBRIC	-	no_room
NKD-20240419-L-E122	NK	18:27	L	0.091	SKIP	RUBRIC	-	fresh+level_held+fuel+wide
SI-20240419-L-E98	SI	18:30	L	0.010	SKIP	RUBRIC	-	no_room
NKD-20240419-S-E137	NK	18:30	S	0.064	SKIP	RUBRIC	-	stale+level_held+flow
NKD-20240419-L-E123	NK	18:32	L	0.091	SKIP	RUBRIC	-	fresh+level_held+flow_against+fuel
HG-20240419-L-E142	HG	18:34	L	0.010	SKIP	RUBRIC	-	no_room
SI-20240419-L-E99	SI	18:34	L	0.010	SKIP	RUBRIC	-	no_room
HG-20240419-L-E143	HG	18:36	L	0.010	SKIP	RUBRIC	-	no_room
NKD-20240419-L-E124	NK	18:37	L	0.182	SKIP	RUBRIC	-	fresh+level_held+flow+fuel
NKD-20240419-S-E138	NK	18:37	S	0.032	SKIP	RUBRIC	-	stale+level_held+wide
HG-20240419-L-E144	HG	18:42	L	0.010	SKIP	RUBRIC	-	no_room
NKD-20240419-L-E125	NK	18:44	L	0.091	SKIP	RUBRIC	-	fresh+level_held+flow_against+fuel
HG-20240419-L-E145	HG	18:44	L	0.010	SKIP	RUBRIC	-	no_room
SI-20240419-L-E100	SI	18:47	L	0.010	SKIP	RUBRIC	-	no_room
NKD-20240419-S-E139	NK	18:49	S	0.064	SKIP	RUBRIC	-	stale+level_held+flow
NKD-20240419-L-E126	NK	18:52	L	0.182	SKIP	RUBRIC	-	fresh+level_held+flow+fuel
NKD-20240419-S-E140	NK	18:56	S	0.045	SKIP	RUBRIC	-	stale+level_held+flow+wide
NKD-20240419-L-E127	NK	18:59	L	0.091	SKIP	RUBRIC	-	level_held+flow+fuel+wide
HG-20240419-S-E134	HG	19:03	S	0.010	SKIP	RUBRIC	-	no_room
HG-20240419-L-E146	HG	19:05	L	0.010	SKIP	RUBRIC	-	no_room
SI-20240419-S-E118	SI	19:06	S	0.182	SKIP	RUBRIC	-	fresh+level_held+flow+fuel
NKD-20240419-S-E141	NK	19:07	S	0.045	SKIP	RUBRIC	-	stale+level_held
NKD-20240419-L-E128	NK	19:08	L	0.129	SKIP	RUBRIC	-	level_held+flow+fuel
HG-20240419-S-E135	HG	19:08	S	0.010	SKIP	RUBRIC	-	no_room
HG-20240419-L-E147	HG	19:10	L	0.010	SKIP	RUBRIC	-	no_room
SI-20240419-S-E119	SI	19:13	S	0.064	SKIP	RUBRIC	-	fresh+level_held+flow_against+fuel+wide
SI-20240419-L-E101	SI	19:16	L	0.045	SKIP	RUBRIC	-	stale+level_held+flow+wide
HG-20240419-S-E136	HG	19:17	S	0.010	SKIP	RUBRIC	-	no_room
NKD-20240419-S-E142	NK	19:17	S	0.064	SKIP	RUBRIC	-	stale+level_held+flow
NKD-20240419-L-E129	NK	19:19	L	0.064	SKIP	RUBRIC	-	level_held+fuel+wide
HG-20240419-L-E148	HG	19:20	L	0.010	SKIP	RUBRIC	-	no_room
NKD-20240419-S-E143	NK	19:23	S	0.032	SKIP	RUBRIC	-	stale+level_held+wide
SI-20240419-S-E120	SI	19:23	S	0.129	SKIP	RUBRIC	-	fresh+level_held+fuel
SI-20240419-L-E102	SI	19:25	L	0.032	SKIP	RUBRIC	-	stale+level_held+flow_against
SI-20240419-S-E121	SI	19:27	S	0.182	SKIP	RUBRIC	-	fresh+level_held+flow+fuel
HG-20240419-S-E137	HG	19:28	S	0.010	SKIP	RUBRIC	-	no_room
NKD-20240419-S-E144	NK	19:29	S	0.045	SKIP	RUBRIC	-	stale+level_held+flow+wide
SI-20240419-S-E122	SI	19:31	S	0.182	SKIP	RUBRIC	-	fresh+level_held+flow+fuel
NKD-20240419-L-E130	NK	19:32	L	0.091	SKIP	RUBRIC	-	level_held+fuel
SI-20240419-S-E123	SI	19:37	S	0.182	SKIP	RUBRIC	-	fresh+level_held+flow+fuel
NKD-20240419-L-E131	NK	19:39	L	0.091	SKIP	RUBRIC	-	level_held+flow+fuel+wide
NKD-20240419-S-E145	NK	19:40	S	0.045	SKIP	RUBRIC	-	stale+level_held
SI-20240419-S-E124	SI	19:43	S	0.129	SKIP	RUBRIC	-	level_held+flow+fuel
NKD-20240419-L-E132	NK	19:45	L	0.129	SKIP	RUBRIC	-	level_held+flow+fuel
SI-20240419-L-E103	SI	19:47	L	0.045	SKIP	RUBRIC	-	stale+level_held+flow+wide
HG-20240419-L-E149	HG	19:48	L	0.010	SKIP	RUBRIC	-	no_room
NKD-20240419-L-E133	NK	19:48	L	0.129	SKIP	RUBRIC	-	level_held+flow+fuel
SI-20240419-S-E125	SI	19:49	S	0.064	SKIP	RUBRIC	-	level_held+flow_against+fuel
SI-20240419-L-E104	SI	19:51	L	0.064	SKIP	RUBRIC	-	stale+level_held+flow
NKD-20240419-L-E134	NK	19:52	L	0.091	SKIP	RUBRIC	-	level_held+flow+fuel+wide
NKD-20240419-S-E146	NK	19:57	S	0.032	SKIP	RUBRIC	-	stale+level_held+wide
HG-20240419-S-E138	HG	19:59	S	0.010	SKIP	RUBRIC	-	no_room
SI-20240419-S-E126	SI	19:59	S	0.129	SKIP	RUBRIC	-	level_held+flow+fuel
NKD-20240419-L-E135	NK	20:00	L	0.064	SKIP	RUBRIC	-	level_held+fuel+wide
NKD-20240419-S-E147	NK	20:02	S	0.045	SKIP	RUBRIC	-	stale+level_held+flow+wide
SI-20240419-L-E105	SI	20:03	L	0.032	SKIP	RUBRIC	-	stale+level_held+flow_against
SI-20240419-L-E106	SI	20:06	L	0.045	SKIP	RUBRIC	-	stale+level_held+flow+wide
HG-20240419-S-E139	HG	20:08	S	0.010	SKIP	RUBRIC	-	no_room
SI-20240419-S-E127	SI	20:09	S	0.091	SKIP	RUBRIC	-	level_held+fuel
NKD-20240419-L-E136	NK	20:09	L	0.064	SKIP	RUBRIC	-	level_held+fuel+wide
NKD-20240419-S-E148	NK	20:10	S	0.045	SKIP	RUBRIC	-	stale+level_held+flow+wide
SI-20240419-L-E107	SI	20:13	L	0.045	SKIP	RUBRIC	-	stale+level_held+flow+wide
NKD-20240419-L-E137	NK	20:14	L	0.129	SKIP	RUBRIC	-	level_held+flow+fuel
NKD-20240419-S-E149	NK	20:16	S	0.032	SKIP	RUBRIC	-	stale+level_held+wide
NKD-20240419-L-E138	NK	20:18	L	0.091	SKIP	RUBRIC	-	level_held+flow+fuel+wide
SI-20240419-L-E108	SI	20:21	L	0.064	SKIP	RUBRIC	-	stale+level_held+flow
HG-20240419-L-E150	HG	20:21	L	0.010	SKIP	RUBRIC	-	no_room
NKD-20240419-S-E150	NK	20:23	S	0.032	SKIP	RUBRIC	-	stale+level_held+wide
NKD-20240419-L-E139	NK	20:26	L	0.045	SKIP	RUBRIC	-	stale+level_held+fuel+wide
NKD-20240419-S-E151	NK	20:27	S	0.064	SKIP	RUBRIC	-	stale+level_held+flow
HG-20240419-S-E140	HG	20:31	S	0.010	SKIP	RUBRIC	-	no_room
NKD-20240419-L-E140	NK	20:33	L	0.064	SKIP	RUBRIC	-	stale+level_held+flow+fuel+wide
NKD-20240419-S-E152	NK	20:35	S	0.045	SKIP	RUBRIC	-	stale+level_held+flow+wide
HG-20240419-S-E141	HG	20:42	S	0.010	SKIP	RUBRIC	-	no_room
NKD-20240419-L-E141	NK	20:51	L	0.129	SKIP	RUBRIC	-	fresh+level_held+flow+fuel+wide
NKD-20240419-S-E153	NK	20:52	S	0.032	SKIP	RUBRIC	-	stale+level_held+wide
SI-20240419-L-E109	SI	20:53	L	0.045	SKIP	RUBRIC	-	stale+level_held+flow+wide
NKD-20240419-S-E154	NK	20:56	S	0.045	SKIP	RUBRIC	-	stale+level_held
HG-20240419-L-E151	HG	20:56	L	0.010	SKIP	RUBRIC	-	no_room
NKD-20240419-L-E142	NK	20:57	L	0.129	SKIP	RUBRIC	-	fresh+flow+fuel
NKD-20240419-S-E155	NK	20:59	S	0.032	SKIP	RUBRIC	-	stale+level_held+wide
HG-20240419-L-E152	HG	20:59	L	0.010	SKIP	RUBRIC	-	no_room
NKD-20240419-S-E156	NK	21:02	S	0.032	SKIP	RUBRIC	-	stale+level_held+wide
NKD-20240419-L-E143	NK	21:03	L	0.182	SKIP	RUBRIC	-	fresh+level_held+flow+fuel
NKD-20240419-S-E157	NK	21:07	S	0.064	SKIP	RUBRIC	-	stale+level_held+flow
HG-20240419-S-E142	HG	21:08	S	0.010	SKIP	RUBRIC	-	no_room
SI-20240419-S-E128	SI	21:08	S	0.064	SKIP	RUBRIC	-	stale+level_held+flow+fuel+wide
NKD-20240419-L-E144	NK	21:08	L	0.064	SKIP	RUBRIC	-	level_held+fuel+wide
SI-20240419-L-E110	SI	21:13	L	0.045	SKIP	RUBRIC	-	stale+level_held+flow+wide
NKD-20240419-L-E145	NK	21:15	L	0.064	SKIP	RUBRIC	-	level_held+fuel+wide
NKD-20240419-S-E158	NK	21:16	S	0.045	SKIP	RUBRIC	-	stale+level_held+flow+wide
NKD-20240419-L-E146	NK	21:21	L	0.045	SKIP	RUBRIC	-	fuel+wide
NKD-20240419-L-E147	NK	21:24	L	0.064	SKIP	RUBRIC	-	level_held+fuel+wide
NKD-20240419-S-E159	NK	21:24	S	0.045	SKIP	RUBRIC	-	stale+level_held+flow+wide
NKD-20240419-L-E148	NK	21:28	L	0.091	SKIP	RUBRIC	-	level_held+flow+fuel+wide
NKD-20240419-S-E160	NK	21:31	S	0.032	SKIP	RUBRIC	-	stale+level_held+wide
NKD-20240419-S-E161	NK	21:35	S	0.064	SKIP	RUBRIC	-	stale+level_held+flow
NKD-20240419-S-E162	NK	21:38	S	0.064	SKIP	RUBRIC	-	stale+level_held+flow
SI-20240419-S-E129	SI	21:38	S	0.064	SKIP	RUBRIC	-	stale+level_held+flow+fuel+wide
NKD-20240419-L-E149	NK	21:39	L	0.064	SKIP	RUBRIC	-	level_held+fuel+wide
SI-20240419-S-E130	SI	21:44	S	0.091	SKIP	RUBRIC	-	stale+level_held+flow+fuel
NKD-20240419-L-E150	NK	21:46	L	0.091	SKIP	RUBRIC	-	fresh+level_held+fuel+wide
NKD-20240419-S-E163	NK	21:48	S	0.045	SKIP	RUBRIC	-	stale+level_held+flow+wide
SI-20240419-S-E131	SI	21:49	S	0.064	SKIP	RUBRIC	-	stale+level_held+flow+fuel+wide
SI-20240419-L-E111	SI	21:52	L	0.045	SKIP	RUBRIC	-	stale+level_held
NKD-20240419-S-E164	NK	21:53	S	0.045	SKIP	RUBRIC	-	stale+flow
HG-20240419-S-E143	HG	21:54	S	0.010	SKIP	RUBRIC	-	no_room
SI-20240419-S-E132	SI	21:56	S	0.091	SKIP	RUBRIC	-	stale+level_held+flow+fuel
NKD-20240419-L-E151	NK	21:56	L	0.182	SKIP	RUBRIC	-	fresh+level_held+flow+fuel
NKD-20240419-S-E165	NK	22:01	S	0.045	SKIP	RUBRIC	-	stale+level_held+flow+wide
NKD-20240419-S-E166	NK	22:09	S	0.045	SKIP	RUBRIC	-	stale+level_held
NKD-20240419-L-E152	NK	22:11	L	0.064	SKIP	RUBRIC	-	fuel
NKD-20240419-L-E153	NK	22:17	L	0.091	SKIP	RUBRIC	-	flow+fuel
NKD-20240419-S-E167	NK	22:27	S	0.010	SKIP	RUBRIC	-	no_time
SI-20240419-L-E112	SI	22:42	L	0.010	SKIP	RUBRIC	-	no_time
SI-20240419-L-E113	SI	22:47	L	0.010	SKIP	RUBRIC	-	no_time
