ref	status	object_oid	object_type	peeled_oid	recovery_artifact	authorization	postcheck
refs/codex/turn-diffs/checkpoints/41572df9618d183264ecb3fab1e2adc88823d950a847a28b1b9516aebe5c3375/dc819858f89fcd9f5ed85751bd499642b46e13d77fe2560182207d2ecb4efb33/1782940299016/0fb030e6-76d6-4ad6-9e92-73a4c87df289	RETIRED_LOCAL_RECOVERABLE	cac3e0cd788cf1edd94a40f52230e7f2c91419c4	tree		/workspace/data/private_project_vault/git_recovery_20260810T144900Z.tar.zst.gpg	USER_REQUESTED_CLEANROOM_IMPLEMENTATION_2026-08-10	EXACT_REF_PRESENT_IN_RESTORE_PROOF_NEW_REPO_ONLY_MAIN
refs/heads/codex/downstream-authority-v1	RETIRED_LOCAL_RECOVERABLE	004f9861585f54f2324fd8ea7caa9f3ff6bf6305	commit		/workspace/data/private_project_vault/git_recovery_20260810T144900Z.tar.zst.gpg	USER_REQUESTED_CLEANROOM_IMPLEMENTATION_2026-08-10	EXACT_REF_PRESENT_IN_RESTORE_PROOF_NEW_REPO_ONLY_MAIN
refs/heads/codex/lega-s0-runtime-v1	RETIRED_LOCAL_RECOVERABLE	004f9861585f54f2324fd8ea7caa9f3ff6bf6305	commit		/workspace/data/private_project_vault/git_recovery_20260810T144900Z.tar.zst.gpg	USER_REQUESTED_CLEANROOM_IMPLEMENTATION_2026-08-10	EXACT_REF_PRESENT_IN_RESTORE_PROOF_NEW_REPO_ONLY_MAIN
refs/heads/correction/select3-frontier-one-sweep	RETIRED_LOCAL_RECOVERABLE	c5996df6c202802cf7d3a70dd6bb0f81492ffa75	commit		/workspace/data/private_project_vault/git_recovery_20260810T144900Z.tar.zst.gpg	USER_REQUESTED_CLEANROOM_IMPLEMENTATION_2026-08-10	EXACT_REF_PRESENT_IN_RESTORE_PROOF_NEW_REPO_ONLY_MAIN
refs/heads/entries-oracle-v1	RETIRED_LOCAL_RECOVERABLE	7dabed3539a2e4c1859d6bbb6da0431387e82f53	commit		/workspace/data/private_project_vault/git_recovery_20260810T144900Z.tar.zst.gpg	USER_REQUESTED_CLEANROOM_IMPLEMENTATION_2026-08-10	EXACT_REF_PRESENT_IN_RESTORE_PROOF_NEW_REPO_ONLY_MAIN
refs/heads/entries-oracle-v1-cleanpush	RETIRED_LOCAL_RECOVERABLE	00e5ccc10b67371cbdd6141ac895ac3f1ab55a5f	commit		/workspace/data/private_project_vault/git_recovery_20260810T144900Z.tar.zst.gpg	USER_REQUESTED_CLEANROOM_IMPLEMENTATION_2026-08-10	EXACT_REF_PRESENT_IN_RESTORE_PROOF_NEW_REPO_ONLY_MAIN
refs/heads/entries-oracle-v1-publish	RETIRED_LOCAL_RECOVERABLE	3d829b90486ec240c6ba886352629f675df7c98b	commit		/workspace/data/private_project_vault/git_recovery_20260810T144900Z.tar.zst.gpg	USER_REQUESTED_CLEANROOM_IMPLEMENTATION_2026-08-10	EXACT_REF_PRESENT_IN_RESTORE_PROOF_NEW_REPO_ONLY_MAIN
refs/heads/entries-oracle-v1-source-sync	RETIRED_LOCAL_RECOVERABLE	7c772f16b57c1987a4c13bb51999a179f6724f83	commit		/workspace/data/private_project_vault/git_recovery_20260810T144900Z.tar.zst.gpg	USER_REQUESTED_CLEANROOM_IMPLEMENTATION_2026-08-10	EXACT_REF_PRESENT_IN_RESTORE_PROOF_NEW_REPO_ONLY_MAIN
refs/heads/handoff/select3-carrier-source-core-csc01	RETIRED_LOCAL_RECOVERABLE	4241af6365203f402551d94f03229fcd26bf16ba	commit		/workspace/data/private_project_vault/git_recovery_20260810T144900Z.tar.zst.gpg	USER_REQUESTED_CLEANROOM_IMPLEMENTATION_2026-08-10	EXACT_REF_PRESENT_IN_RESTORE_PROOF_NEW_REPO_ONLY_MAIN
refs/heads/handoff/select3-carrier-source-core-csc02	RETIRED_LOCAL_RECOVERABLE	a2b00c59ee52b746f9d339b4fa0ef74fb9cafe84	commit		/workspace/data/private_project_vault/git_recovery_20260810T144900Z.tar.zst.gpg	USER_REQUESTED_CLEANROOM_IMPLEMENTATION_2026-08-10	EXACT_REF_PRESENT_IN_RESTORE_PROOF_NEW_REPO_ONLY_MAIN
refs/heads/handoff/select3-carrier-source-core-csc02b	RETIRED_LOCAL_RECOVERABLE	61e44a0c7d7cb517fc353cd77dd249edb81faf88	commit		/workspace/data/private_project_vault/git_recovery_20260810T144900Z.tar.zst.gpg	USER_REQUESTED_CLEANROOM_IMPLEMENTATION_2026-08-10	EXACT_REF_PRESENT_IN_RESTORE_PROOF_NEW_REPO_ONLY_MAIN
refs/heads/handoff/select3-carrier-source-core-csc03	RETIRED_LOCAL_RECOVERABLE	43c055731ac48a8119d0445ecad4c13cf8718939	commit		/workspace/data/private_project_vault/git_recovery_20260810T144900Z.tar.zst.gpg	USER_REQUESTED_CLEANROOM_IMPLEMENTATION_2026-08-10	EXACT_REF_PRESENT_IN_RESTORE_PROOF_NEW_REPO_ONLY_MAIN
refs/heads/handoff/select3-carrier-source-core-csc04	RETIRED_LOCAL_RECOVERABLE	0ad9c2fd61d8ac1b716c69111135be10ef482f4f	commit		/workspace/data/private_project_vault/git_recovery_20260810T144900Z.tar.zst.gpg	USER_REQUESTED_CLEANROOM_IMPLEMENTATION_2026-08-10	EXACT_REF_PRESENT_IN_RESTORE_PROOF_NEW_REPO_ONLY_MAIN
refs/heads/handoff/select3-carrier-source-core-csc05	RETIRED_LOCAL_RECOVERABLE	95b88537ae0216b3af469bbd837020e075815e7f	commit		/workspace/data/private_project_vault/git_recovery_20260810T144900Z.tar.zst.gpg	USER_REQUESTED_CLEANROOM_IMPLEMENTATION_2026-08-10	EXACT_REF_PRESENT_IN_RESTORE_PROOF_NEW_REPO_ONLY_MAIN
refs/heads/handoff/select3-carrier-source-core-csc05b	RETIRED_LOCAL_RECOVERABLE	358a1e6404ea82e660e94b1031c1715e8fc83380	commit		/workspace/data/private_project_vault/git_recovery_20260810T144900Z.tar.zst.gpg	USER_REQUESTED_CLEANROOM_IMPLEMENTATION_2026-08-10	EXACT_REF_PRESENT_IN_RESTORE_PROOF_NEW_REPO_ONLY_MAIN
refs/heads/handoff/select3-carrier-source-core-csc06	RETIRED_LOCAL_RECOVERABLE	98cb4b2b4498990a309e12a54f5cf7395c4bcdb3	commit		/workspace/data/private_project_vault/git_recovery_20260810T144900Z.tar.zst.gpg	USER_REQUESTED_CLEANROOM_IMPLEMENTATION_2026-08-10	EXACT_REF_PRESENT_IN_RESTORE_PROOF_NEW_REPO_ONLY_MAIN
refs/heads/handoff/select3-carrier-source-core-csc07	RETIRED_LOCAL_RECOVERABLE	48d12798e0dff82a06fbab50aa78b7147bad18ff	commit		/workspace/data/private_project_vault/git_recovery_20260810T144900Z.tar.zst.gpg	USER_REQUESTED_CLEANROOM_IMPLEMENTATION_2026-08-10	EXACT_REF_PRESENT_IN_RESTORE_PROOF_NEW_REPO_ONLY_MAIN
refs/heads/handoff/select3-carrier-source-core-csc08	RETIRED_LOCAL_RECOVERABLE	0a31a8cea01f61929a2f25176bb29c02a30582e3	commit		/workspace/data/private_project_vault/git_recovery_20260810T144900Z.tar.zst.gpg	USER_REQUESTED_CLEANROOM_IMPLEMENTATION_2026-08-10	EXACT_REF_PRESENT_IN_RESTORE_PROOF_NEW_REPO_ONLY_MAIN
refs/heads/handoff/select3-carrier-source-core-csc09	RETIRED_LOCAL_RECOVERABLE	98cb4b2b4498990a309e12a54f5cf7395c4bcdb3	commit		/workspace/data/private_project_vault/git_recovery_20260810T144900Z.tar.zst.gpg	USER_REQUESTED_CLEANROOM_IMPLEMENTATION_2026-08-10	EXACT_REF_PRESENT_IN_RESTORE_PROOF_NEW_REPO_ONLY_MAIN
refs/heads/handoff/select3-carrier-source-core-csc10	RETIRED_LOCAL_RECOVERABLE	4ea532647a804905f7ce2872c1fdbc8ed69bc91a	commit		/workspace/data/private_project_vault/git_recovery_20260810T144900Z.tar.zst.gpg	USER_REQUESTED_CLEANROOM_IMPLEMENTATION_2026-08-10	EXACT_REF_PRESENT_IN_RESTORE_PROOF_NEW_REPO_ONLY_MAIN
refs/heads/handoff/select3-carrier-source-core-csc11	RETIRED_LOCAL_RECOVERABLE	98cb4b2b4498990a309e12a54f5cf7395c4bcdb3	commit		/workspace/data/private_project_vault/git_recovery_20260810T144900Z.tar.zst.gpg	USER_REQUESTED_CLEANROOM_IMPLEMENTATION_2026-08-10	EXACT_REF_PRESENT_IN_RESTORE_PROOF_NEW_REPO_ONLY_MAIN
refs/heads/handoff/select3-carrier-source-core-v3	RETIRED_LOCAL_RECOVERABLE	fb7bbe7f2a50c84c0bd209acb1969db98252fb03	commit		/workspace/data/private_project_vault/git_recovery_20260810T144900Z.tar.zst.gpg	USER_REQUESTED_CLEANROOM_IMPLEMENTATION_2026-08-10	EXACT_REF_PRESENT_IN_RESTORE_PROOF_NEW_REPO_ONLY_MAIN
refs/heads/handoff/select3-formula-disposition-v1	RETIRED_LOCAL_RECOVERABLE	00e5ccc10b67371cbdd6141ac895ac3f1ab55a5f	commit		/workspace/data/private_project_vault/git_recovery_20260810T144900Z.tar.zst.gpg	USER_REQUESTED_CLEANROOM_IMPLEMENTATION_2026-08-10	EXACT_REF_PRESENT_IN_RESTORE_PROOF_NEW_REPO_ONLY_MAIN
refs/heads/handoff/select3-formula-disposition-v2	RETIRED_LOCAL_RECOVERABLE	f975690991845699094bde8d4a2133846f2f6a7a	commit		/workspace/data/private_project_vault/git_recovery_20260810T144900Z.tar.zst.gpg	USER_REQUESTED_CLEANROOM_IMPLEMENTATION_2026-08-10	EXACT_REF_PRESENT_IN_RESTORE_PROOF_NEW_REPO_ONLY_MAIN
refs/heads/handoff/select3-frontier-registry-v1	RETIRED_LOCAL_RECOVERABLE	28e0315f1acd244d2bfbff6542d308c78b8cc863	commit		/workspace/data/private_project_vault/git_recovery_20260810T144900Z.tar.zst.gpg	USER_REQUESTED_CLEANROOM_IMPLEMENTATION_2026-08-10	EXACT_REF_PRESENT_IN_RESTORE_PROOF_NEW_REPO_ONLY_MAIN
refs/heads/handoff/select3-native-carrier-v1	RETIRED_LOCAL_RECOVERABLE	f23cf900fb848bb05b127ea0ab9fe61256756b84	commit		/workspace/data/private_project_vault/git_recovery_20260810T144900Z.tar.zst.gpg	USER_REQUESTED_CLEANROOM_IMPLEMENTATION_2026-08-10	EXACT_REF_PRESENT_IN_RESTORE_PROOF_NEW_REPO_ONLY_MAIN
refs/heads/handoff/select3-native-frontier-core-v2	RETIRED_LOCAL_RECOVERABLE	80f61d4ee8102970564d5827b64b0fa9e879dae4	commit		/workspace/data/private_project_vault/git_recovery_20260810T144900Z.tar.zst.gpg	USER_REQUESTED_CLEANROOM_IMPLEMENTATION_2026-08-10	EXACT_REF_PRESENT_IN_RESTORE_PROOF_NEW_REPO_ONLY_MAIN
refs/heads/handoff/select3-native-option-book-v2	RETIRED_LOCAL_RECOVERABLE	cf77bafcccce4468d52643c910a5f9524bee6fb1	commit		/workspace/data/private_project_vault/git_recovery_20260810T144900Z.tar.zst.gpg	USER_REQUESTED_CLEANROOM_IMPLEMENTATION_2026-08-10	EXACT_REF_PRESENT_IN_RESTORE_PROOF_NEW_REPO_ONLY_MAIN
refs/heads/handoff/select3-option-stores-v1	RETIRED_LOCAL_RECOVERABLE	6c2eda06c751219684a3374e2999af93f60915c9	commit		/workspace/data/private_project_vault/git_recovery_20260810T144900Z.tar.zst.gpg	USER_REQUESTED_CLEANROOM_IMPLEMENTATION_2026-08-10	EXACT_REF_PRESENT_IN_RESTORE_PROOF_NEW_REPO_ONLY_MAIN
refs/heads/handoff/select3-options-native-v1	RETIRED_LOCAL_RECOVERABLE	f975690991845699094bde8d4a2133846f2f6a7a	commit		/workspace/data/private_project_vault/git_recovery_20260810T144900Z.tar.zst.gpg	USER_REQUESTED_CLEANROOM_IMPLEMENTATION_2026-08-10	EXACT_REF_PRESENT_IN_RESTORE_PROOF_NEW_REPO_ONLY_MAIN
refs/heads/handoff/select3-stock-native-v1	RETIRED_LOCAL_RECOVERABLE	f975690991845699094bde8d4a2133846f2f6a7a	commit		/workspace/data/private_project_vault/git_recovery_20260810T144900Z.tar.zst.gpg	USER_REQUESTED_CLEANROOM_IMPLEMENTATION_2026-08-10	EXACT_REF_PRESENT_IN_RESTORE_PROOF_NEW_REPO_ONLY_MAIN
refs/heads/handoff/select3-stock-stores-v1	RETIRED_LOCAL_RECOVERABLE	5e45967cdb77842a388e4c6c9961c27465cc0dd7	commit		/workspace/data/private_project_vault/git_recovery_20260810T144900Z.tar.zst.gpg	USER_REQUESTED_CLEANROOM_IMPLEMENTATION_2026-08-10	EXACT_REF_PRESENT_IN_RESTORE_PROOF_NEW_REPO_ONLY_MAIN
refs/heads/handoff/select3-universal-entry-executor-v5	RETIRED_LOCAL_RECOVERABLE	eec00eb8b3c46ef6892cd5f188c48df246dd852d	commit		/workspace/data/private_project_vault/git_recovery_20260810T144900Z.tar.zst.gpg	USER_REQUESTED_CLEANROOM_IMPLEMENTATION_2026-08-10	EXACT_REF_PRESENT_IN_RESTORE_PROOF_NEW_REPO_ONLY_MAIN
refs/heads/handoff/select3-universal-executor-v1	RETIRED_LOCAL_RECOVERABLE	21bfe8fc7cf577f6e6549e728604dc558535e9f0	commit		/workspace/data/private_project_vault/git_recovery_20260810T144900Z.tar.zst.gpg	USER_REQUESTED_CLEANROOM_IMPLEMENTATION_2026-08-10	EXACT_REF_PRESENT_IN_RESTORE_PROOF_NEW_REPO_ONLY_MAIN
refs/heads/keep/dirty-entry-model-engine	RETIRED_LOCAL_RECOVERABLE	6f771765c3ec45fb0b013551b58d6a63cb24f57f	commit		/workspace/data/private_project_vault/git_recovery_20260810T144900Z.tar.zst.gpg	USER_REQUESTED_CLEANROOM_IMPLEMENTATION_2026-08-10	EXACT_REF_PRESENT_IN_RESTORE_PROOF_NEW_REPO_ONLY_MAIN
refs/heads/keep/dirty-entry-session-linear-index	RETIRED_LOCAL_RECOVERABLE	0a2f30bc569f8ea507b75c9b70ef7ab522b18fb5	commit		/workspace/data/private_project_vault/git_recovery_20260810T144900Z.tar.zst.gpg	USER_REQUESTED_CLEANROOM_IMPLEMENTATION_2026-08-10	EXACT_REF_PRESENT_IN_RESTORE_PROOF_NEW_REPO_ONLY_MAIN
refs/heads/keep/dirty-entry-session-linear-index-v2	RETIRED_LOCAL_RECOVERABLE	5aef27db6ffb6e9632ab860c2fdfea38fa1c81f1	commit		/workspace/data/private_project_vault/git_recovery_20260810T144900Z.tar.zst.gpg	USER_REQUESTED_CLEANROOM_IMPLEMENTATION_2026-08-10	EXACT_REF_PRESENT_IN_RESTORE_PROOF_NEW_REPO_ONLY_MAIN
refs/heads/keep/dirty-entry-structural-publisher	RETIRED_LOCAL_RECOVERABLE	4ad982fc0be3aa4c570646bf16deb23b738b7437	commit		/workspace/data/private_project_vault/git_recovery_20260810T144900Z.tar.zst.gpg	USER_REQUESTED_CLEANROOM_IMPLEMENTATION_2026-08-10	EXACT_REF_PRESENT_IN_RESTORE_PROOF_NEW_REPO_ONLY_MAIN
refs/heads/keep/dirty-f06build	RETIRED_LOCAL_RECOVERABLE	b9fbff6ae84d100f27f8e855518db91353a65660	commit		/workspace/data/private_project_vault/git_recovery_20260810T144900Z.tar.zst.gpg	USER_REQUESTED_CLEANROOM_IMPLEMENTATION_2026-08-10	EXACT_REF_PRESENT_IN_RESTORE_PROOF_NEW_REPO_ONLY_MAIN
refs/heads/keep/dirty-f08build	RETIRED_LOCAL_RECOVERABLE	4cedefd65bf35047b27368c5b738352242ecfbcc	commit		/workspace/data/private_project_vault/git_recovery_20260810T144900Z.tar.zst.gpg	USER_REQUESTED_CLEANROOM_IMPLEMENTATION_2026-08-10	EXACT_REF_PRESENT_IN_RESTORE_PROOF_NEW_REPO_ONLY_MAIN
refs/heads/keep/dirty-neobuild	RETIRED_LOCAL_RECOVERABLE	2493aeedf014a3deaa16a9c43fe09be4f895831d	commit		/workspace/data/private_project_vault/git_recovery_20260810T144900Z.tar.zst.gpg	USER_REQUESTED_CLEANROOM_IMPLEMENTATION_2026-08-10	EXACT_REF_PRESENT_IN_RESTORE_PROOF_NEW_REPO_ONLY_MAIN
refs/heads/keep/dirty-select3-carrier-source-core	RETIRED_LOCAL_RECOVERABLE	1167d32992b98203a039835e1bf08462ed89f8c0	commit		/workspace/data/private_project_vault/git_recovery_20260810T144900Z.tar.zst.gpg	USER_REQUESTED_CLEANROOM_IMPLEMENTATION_2026-08-10	EXACT_REF_PRESENT_IN_RESTORE_PROOF_NEW_REPO_ONLY_MAIN
refs/heads/keep/dirty-select3-carrier-source-core-csc01	RETIRED_LOCAL_RECOVERABLE	367078ef15c0307b95fd7fb0f2cd4350543b8d00	commit		/workspace/data/private_project_vault/git_recovery_20260810T144900Z.tar.zst.gpg	USER_REQUESTED_CLEANROOM_IMPLEMENTATION_2026-08-10	EXACT_REF_PRESENT_IN_RESTORE_PROOF_NEW_REPO_ONLY_MAIN
refs/heads/keep/dirty-select3-carrier-source-core-csc02	RETIRED_LOCAL_RECOVERABLE	e9ec1a792af6c025ae8c4115d69ce8dfa785eee8	commit		/workspace/data/private_project_vault/git_recovery_20260810T144900Z.tar.zst.gpg	USER_REQUESTED_CLEANROOM_IMPLEMENTATION_2026-08-10	EXACT_REF_PRESENT_IN_RESTORE_PROOF_NEW_REPO_ONLY_MAIN
refs/heads/keep/dirty-select3-carrier-source-core-csc04	RETIRED_LOCAL_RECOVERABLE	07de9876a1751acf08c98754ed7cc728cec25a4e	commit		/workspace/data/private_project_vault/git_recovery_20260810T144900Z.tar.zst.gpg	USER_REQUESTED_CLEANROOM_IMPLEMENTATION_2026-08-10	EXACT_REF_PRESENT_IN_RESTORE_PROOF_NEW_REPO_ONLY_MAIN
refs/heads/keep/dirty-select3-carrier-source-core-csc06	RETIRED_LOCAL_RECOVERABLE	0b8d6874d768c68f9cff68058fc52498540eeb47	commit		/workspace/data/private_project_vault/git_recovery_20260810T144900Z.tar.zst.gpg	USER_REQUESTED_CLEANROOM_IMPLEMENTATION_2026-08-10	EXACT_REF_PRESENT_IN_RESTORE_PROOF_NEW_REPO_ONLY_MAIN
refs/heads/keep/dirty-select3-carrier-source-core-csc09	RETIRED_LOCAL_RECOVERABLE	39d7c11aa9d6d48cf059f4760c4552c1d38e545d	commit		/workspace/data/private_project_vault/git_recovery_20260810T144900Z.tar.zst.gpg	USER_REQUESTED_CLEANROOM_IMPLEMENTATION_2026-08-10	EXACT_REF_PRESENT_IN_RESTORE_PROOF_NEW_REPO_ONLY_MAIN
refs/heads/keep/dirty-select3-formula-owner	RETIRED_LOCAL_RECOVERABLE	c5ddf63f68ec01183904f102d9212b2606ad47ed	commit		/workspace/data/private_project_vault/git_recovery_20260810T144900Z.tar.zst.gpg	USER_REQUESTED_CLEANROOM_IMPLEMENTATION_2026-08-10	EXACT_REF_PRESENT_IN_RESTORE_PROOF_NEW_REPO_ONLY_MAIN
refs/heads/keep/dirty-select3-frontier-registry-owner	RETIRED_LOCAL_RECOVERABLE	283a6abae517e7f9268cc399cee49433cc333e6e	commit		/workspace/data/private_project_vault/git_recovery_20260810T144900Z.tar.zst.gpg	USER_REQUESTED_CLEANROOM_IMPLEMENTATION_2026-08-10	EXACT_REF_PRESENT_IN_RESTORE_PROOF_NEW_REPO_ONLY_MAIN
refs/heads/keep/dirty-select3-frontier-shared-abi-v1	RETIRED_LOCAL_RECOVERABLE	484de9003ac94c93dda7b859a90505c13a394964	commit		/workspace/data/private_project_vault/git_recovery_20260810T144900Z.tar.zst.gpg	USER_REQUESTED_CLEANROOM_IMPLEMENTATION_2026-08-10	EXACT_REF_PRESENT_IN_RESTORE_PROOF_NEW_REPO_ONLY_MAIN
refs/heads/keep/dirty-select3-native-daily-state-rest	RETIRED_LOCAL_RECOVERABLE	6a8726b8cdd45a719b2dd8114fd9ca1f748e1c29	commit		/workspace/data/private_project_vault/git_recovery_20260810T144900Z.tar.zst.gpg	USER_REQUESTED_CLEANROOM_IMPLEMENTATION_2026-08-10	EXACT_REF_PRESENT_IN_RESTORE_PROOF_NEW_REPO_ONLY_MAIN
refs/heads/keep/dirty-select3-native-option-book-v3	RETIRED_LOCAL_RECOVERABLE	749b0e69c212bdc86f5afd21796538e268652df1	commit		/workspace/data/private_project_vault/git_recovery_20260810T144900Z.tar.zst.gpg	USER_REQUESTED_CLEANROOM_IMPLEMENTATION_2026-08-10	EXACT_REF_PRESENT_IN_RESTORE_PROOF_NEW_REPO_ONLY_MAIN
refs/heads/keep/dirty-select3-native-option-book-v4	RETIRED_LOCAL_RECOVERABLE	31a094310400dd762a891ed1a011620d3ac2784d	commit		/workspace/data/private_project_vault/git_recovery_20260810T144900Z.tar.zst.gpg	USER_REQUESTED_CLEANROOM_IMPLEMENTATION_2026-08-10	EXACT_REF_PRESENT_IN_RESTORE_PROOF_NEW_REPO_ONLY_MAIN
refs/heads/keep/dirty-select3-native-option-prints-v1	RETIRED_LOCAL_RECOVERABLE	289ab5b6aef1b3297487cdc8dc9acb6583ddc209	commit		/workspace/data/private_project_vault/git_recovery_20260810T144900Z.tar.zst.gpg	USER_REQUESTED_CLEANROOM_IMPLEMENTATION_2026-08-10	EXACT_REF_PRESENT_IN_RESTORE_PROOF_NEW_REPO_ONLY_MAIN
refs/heads/keep/dirty-select3-native-stock-film-owner-v2	RETIRED_LOCAL_RECOVERABLE	78a1b0b41bc3549970835b33dbe5ee6fcf1bbc5f	commit		/workspace/data/private_project_vault/git_recovery_20260810T144900Z.tar.zst.gpg	USER_REQUESTED_CLEANROOM_IMPLEMENTATION_2026-08-10	EXACT_REF_PRESENT_IN_RESTORE_PROOF_NEW_REPO_ONLY_MAIN
refs/heads/keep/dirty-select3-native-stock-film-v1	RETIRED_LOCAL_RECOVERABLE	e6a12df3b15d644d9b9b212058452589b16c34c0	commit		/workspace/data/private_project_vault/git_recovery_20260810T144900Z.tar.zst.gpg	USER_REQUESTED_CLEANROOM_IMPLEMENTATION_2026-08-10	EXACT_REF_PRESENT_IN_RESTORE_PROOF_NEW_REPO_ONLY_MAIN
refs/heads/keep/dirty-select3-option-native-stores-v1	RETIRED_LOCAL_RECOVERABLE	3d96c62374d413e263539584406536f7d3a5d25b	commit		/workspace/data/private_project_vault/git_recovery_20260810T144900Z.tar.zst.gpg	USER_REQUESTED_CLEANROOM_IMPLEMENTATION_2026-08-10	EXACT_REF_PRESENT_IN_RESTORE_PROOF_NEW_REPO_ONLY_MAIN
refs/heads/keep/dirty-select3-universal-entry-executor	RETIRED_LOCAL_RECOVERABLE	f13065da4cefcd8162b5041ae37f093944327114	commit		/workspace/data/private_project_vault/git_recovery_20260810T144900Z.tar.zst.gpg	USER_REQUESTED_CLEANROOM_IMPLEMENTATION_2026-08-10	EXACT_REF_PRESENT_IN_RESTORE_PROOF_NEW_REPO_ONLY_MAIN
refs/heads/keep/dirty-select3-universal-entry-executor-v2	RETIRED_LOCAL_RECOVERABLE	272a8ca2da61353f5092aa46568f44de0f11ef94	commit		/workspace/data/private_project_vault/git_recovery_20260810T144900Z.tar.zst.gpg	USER_REQUESTED_CLEANROOM_IMPLEMENTATION_2026-08-10	EXACT_REF_PRESENT_IN_RESTORE_PROOF_NEW_REPO_ONLY_MAIN
refs/heads/keep/parallel-verify-3476d23	RETIRED_LOCAL_RECOVERABLE	3476d234ae78e9e571c3674675f6c16e2d760bf9	commit		/workspace/data/private_project_vault/git_recovery_20260810T144900Z.tar.zst.gpg	USER_REQUESTED_CLEANROOM_IMPLEMENTATION_2026-08-10	EXACT_REF_PRESENT_IN_RESTORE_PROOF_NEW_REPO_ONLY_MAIN
refs/heads/keep/select2-target-launch-gate-v1	RETIRED_LOCAL_RECOVERABLE	74a1ee3cea92ce6d8757b1c3342776495b6f05c0	commit		/workspace/data/private_project_vault/git_recovery_20260810T144900Z.tar.zst.gpg	USER_REQUESTED_CLEANROOM_IMPLEMENTATION_2026-08-10	EXACT_REF_PRESENT_IN_RESTORE_PROOF_NEW_REPO_ONLY_MAIN
refs/heads/keep/select2-target-launch-owner	RETIRED_LOCAL_RECOVERABLE	07016ffdebfc9c3fb673f18974267f1ddd9fed24	commit		/workspace/data/private_project_vault/git_recovery_20260810T144900Z.tar.zst.gpg	USER_REQUESTED_CLEANROOM_IMPLEMENTATION_2026-08-10	EXACT_REF_PRESENT_IN_RESTORE_PROOF_NEW_REPO_ONLY_MAIN
refs/heads/keep/select3-native-carrier-v1	RETIRED_LOCAL_RECOVERABLE	7662404e75765614c00fce2a6065482c2d615e17	commit		/workspace/data/private_project_vault/git_recovery_20260810T144900Z.tar.zst.gpg	USER_REQUESTED_CLEANROOM_IMPLEMENTATION_2026-08-10	EXACT_REF_PRESENT_IN_RESTORE_PROOF_NEW_REPO_ONLY_MAIN
refs/heads/keep/select3-native-daily-state-v2	RETIRED_LOCAL_RECOVERABLE	4fa29e8f893aef80dc1fa8c0432118e44e01b8fe	commit		/workspace/data/private_project_vault/git_recovery_20260810T144900Z.tar.zst.gpg	USER_REQUESTED_CLEANROOM_IMPLEMENTATION_2026-08-10	EXACT_REF_PRESENT_IN_RESTORE_PROOF_NEW_REPO_ONLY_MAIN
refs/heads/keep/select3-native-option-book-v2	RETIRED_LOCAL_RECOVERABLE	942507f954a8c6a043edd63993abb93695f0f378	commit		/workspace/data/private_project_vault/git_recovery_20260810T144900Z.tar.zst.gpg	USER_REQUESTED_CLEANROOM_IMPLEMENTATION_2026-08-10	EXACT_REF_PRESENT_IN_RESTORE_PROOF_NEW_REPO_ONLY_MAIN
refs/heads/lane/markout-60m-v1	RETIRED_LOCAL_RECOVERABLE	fc7993663fd1d7cab5c3ba20cb351fdd753e6fef	commit		/workspace/data/private_project_vault/git_recovery_20260810T144900Z.tar.zst.gpg	USER_REQUESTED_CLEANROOM_IMPLEMENTATION_2026-08-10	EXACT_REF_PRESENT_IN_RESTORE_PROOF_NEW_REPO_ONLY_MAIN
refs/heads/main	RETIRED_LOCAL_RECOVERABLE	47e1ccfa6db5252e461ed9b083ae26ef97bad25b	commit		/workspace/data/private_project_vault/git_recovery_20260810T144900Z.tar.zst.gpg	USER_REQUESTED_CLEANROOM_IMPLEMENTATION_2026-08-10	EXACT_REF_PRESENT_IN_RESTORE_PROOF_NEW_REPO_ONLY_MAIN
refs/heads/select-v2	RETIRED_LOCAL_RECOVERABLE	ab3940bcd5b188844f84f175d367e3df7ea17446	commit		/workspace/data/private_project_vault/git_recovery_20260810T144900Z.tar.zst.gpg	USER_REQUESTED_CLEANROOM_IMPLEMENTATION_2026-08-10	EXACT_REF_PRESENT_IN_RESTORE_PROOF_NEW_REPO_ONLY_MAIN
refs/heads/task/select3-carrier-source-core-r1	RETIRED_LOCAL_RECOVERABLE	6af2ba1955ed106a819d23b8ee6ffafb9b4eaf1a	commit		/workspace/data/private_project_vault/git_recovery_20260810T144900Z.tar.zst.gpg	USER_REQUESTED_CLEANROOM_IMPLEMENTATION_2026-08-10	EXACT_REF_PRESENT_IN_RESTORE_PROOF_NEW_REPO_ONLY_MAIN
refs/heads/task/select3-carrier-source-core-r2	RETIRED_LOCAL_RECOVERABLE	5f0fa4dcc4c0f0fbc46966a6fcd466edce1c42b0	commit		/workspace/data/private_project_vault/git_recovery_20260810T144900Z.tar.zst.gpg	USER_REQUESTED_CLEANROOM_IMPLEMENTATION_2026-08-10	EXACT_REF_PRESENT_IN_RESTORE_PROOF_NEW_REPO_ONLY_MAIN
refs/heads/task/select3-frontier-registry-correction	RETIRED_LOCAL_RECOVERABLE	72d159fb24f7b7da936ca66d599abe9ed7ae3d44	commit		/workspace/data/private_project_vault/git_recovery_20260810T144900Z.tar.zst.gpg	USER_REQUESTED_CLEANROOM_IMPLEMENTATION_2026-08-10	EXACT_REF_PRESENT_IN_RESTORE_PROOF_NEW_REPO_ONLY_MAIN
refs/heads/task/select3-frontier-shared-abi	RETIRED_LOCAL_RECOVERABLE	c179d1884dbb357c098ad05833df2e2f0ddcf05e	commit		/workspace/data/private_project_vault/git_recovery_20260810T144900Z.tar.zst.gpg	USER_REQUESTED_CLEANROOM_IMPLEMENTATION_2026-08-10	EXACT_REF_PRESENT_IN_RESTORE_PROOF_NEW_REPO_ONLY_MAIN
refs/heads/task/select3-native-daily-state-v1	RETIRED_LOCAL_RECOVERABLE	d559e53b50f4b637d19a42bdfe250098146dcf55	commit		/workspace/data/private_project_vault/git_recovery_20260810T144900Z.tar.zst.gpg	USER_REQUESTED_CLEANROOM_IMPLEMENTATION_2026-08-10	EXACT_REF_PRESENT_IN_RESTORE_PROOF_NEW_REPO_ONLY_MAIN
refs/heads/task/select3-native-option-book-v1	RETIRED_LOCAL_RECOVERABLE	ea1161a0eb92501701362f708bf3c12aa0166d0b	commit		/workspace/data/private_project_vault/git_recovery_20260810T144900Z.tar.zst.gpg	USER_REQUESTED_CLEANROOM_IMPLEMENTATION_2026-08-10	EXACT_REF_PRESENT_IN_RESTORE_PROOF_NEW_REPO_ONLY_MAIN
refs/heads/task/select3-native-option-prints-v1	RETIRED_LOCAL_RECOVERABLE	0d94aa04b07c2d14ade6fcae93170a1fea16009b	commit		/workspace/data/private_project_vault/git_recovery_20260810T144900Z.tar.zst.gpg	USER_REQUESTED_CLEANROOM_IMPLEMENTATION_2026-08-10	EXACT_REF_PRESENT_IN_RESTORE_PROOF_NEW_REPO_ONLY_MAIN
refs/heads/task/select3-native-stock-film-v1	RETIRED_LOCAL_RECOVERABLE	0d94aa04b07c2d14ade6fcae93170a1fea16009b	commit		/workspace/data/private_project_vault/git_recovery_20260810T144900Z.tar.zst.gpg	USER_REQUESTED_CLEANROOM_IMPLEMENTATION_2026-08-10	EXACT_REF_PRESENT_IN_RESTORE_PROOF_NEW_REPO_ONLY_MAIN
refs/heads/task/select3-option-native-stores	RETIRED_LOCAL_RECOVERABLE	590c66faf408d5891a0791ff0849e7021d09523b	commit		/workspace/data/private_project_vault/git_recovery_20260810T144900Z.tar.zst.gpg	USER_REQUESTED_CLEANROOM_IMPLEMENTATION_2026-08-10	EXACT_REF_PRESENT_IN_RESTORE_PROOF_NEW_REPO_ONLY_MAIN
refs/heads/task/select3-print-evidence-core-v1	RETIRED_LOCAL_RECOVERABLE	6cfd5a7bc3a59fa1e7b7132c930d2b4111900271	commit		/workspace/data/private_project_vault/git_recovery_20260810T144900Z.tar.zst.gpg	USER_REQUESTED_CLEANROOM_IMPLEMENTATION_2026-08-10	EXACT_REF_PRESENT_IN_RESTORE_PROOF_NEW_REPO_ONLY_MAIN
refs/heads/task/select3-resolved-registry-r1	RETIRED_LOCAL_RECOVERABLE	d1ec90bfd8b06d61c60c5b6a2a472ae8d5fa3fbd	commit		/workspace/data/private_project_vault/git_recovery_20260810T144900Z.tar.zst.gpg	USER_REQUESTED_CLEANROOM_IMPLEMENTATION_2026-08-10	EXACT_REF_PRESENT_IN_RESTORE_PROOF_NEW_REPO_ONLY_MAIN
refs/heads/task/select3-source-adapters-r1	RETIRED_LOCAL_RECOVERABLE	1e96e0750d5ac8af8775ea23f9c47ae932acb141	commit		/workspace/data/private_project_vault/git_recovery_20260810T144900Z.tar.zst.gpg	USER_REQUESTED_CLEANROOM_IMPLEMENTATION_2026-08-10	EXACT_REF_PRESENT_IN_RESTORE_PROOF_NEW_REPO_ONLY_MAIN
refs/heads/task/select3-source-native-abi-v1	RETIRED_LOCAL_RECOVERABLE	97214d2f38b47dcf9ccb59582a457caa9295c963	commit		/workspace/data/private_project_vault/git_recovery_20260810T144900Z.tar.zst.gpg	USER_REQUESTED_CLEANROOM_IMPLEMENTATION_2026-08-10	EXACT_REF_PRESENT_IN_RESTORE_PROOF_NEW_REPO_ONLY_MAIN
refs/heads/task/select3-source-native-stores-r2	RETIRED_LOCAL_RECOVERABLE	f6d2053e637f30903e0856a07738445cfe708bdd	commit		/workspace/data/private_project_vault/git_recovery_20260810T144900Z.tar.zst.gpg	USER_REQUESTED_CLEANROOM_IMPLEMENTATION_2026-08-10	EXACT_REF_PRESENT_IN_RESTORE_PROOF_NEW_REPO_ONLY_MAIN
refs/heads/task/select3-stock-native-stores	RETIRED_LOCAL_RECOVERABLE	5e45967cdb77842a388e4c6c9961c27465cc0dd7	commit		/workspace/data/private_project_vault/git_recovery_20260810T144900Z.tar.zst.gpg	USER_REQUESTED_CLEANROOM_IMPLEMENTATION_2026-08-10	EXACT_REF_PRESENT_IN_RESTORE_PROOF_NEW_REPO_ONLY_MAIN
refs/heads/task/select3-universal-cpu-executor	RETIRED_LOCAL_RECOVERABLE	83f9786a42cf3e71fb135de3fcff04f99752d33d	commit		/workspace/data/private_project_vault/git_recovery_20260810T144900Z.tar.zst.gpg	USER_REQUESTED_CLEANROOM_IMPLEMENTATION_2026-08-10	EXACT_REF_PRESENT_IN_RESTORE_PROOF_NEW_REPO_ONLY_MAIN
refs/heads/task/select3-universal-entry-executor-r1	RETIRED_LOCAL_RECOVERABLE	09ae0655a7fdf9cbb8da1437c3b61596759e3105	commit		/workspace/data/private_project_vault/git_recovery_20260810T144900Z.tar.zst.gpg	USER_REQUESTED_CLEANROOM_IMPLEMENTATION_2026-08-10	EXACT_REF_PRESENT_IN_RESTORE_PROOF_NEW_REPO_ONLY_MAIN
refs/heads/task/select3-universal-entry-executor-r2	RETIRED_LOCAL_RECOVERABLE	135e4e06e14eec360a3f1c3955248da61fe3fd81	commit		/workspace/data/private_project_vault/git_recovery_20260810T144900Z.tar.zst.gpg	USER_REQUESTED_CLEANROOM_IMPLEMENTATION_2026-08-10	EXACT_REF_PRESENT_IN_RESTORE_PROOF_NEW_REPO_ONLY_MAIN
refs/heads/task/select3-universal-entry-executor-r3	RETIRED_LOCAL_RECOVERABLE	57cca479d6bb26634825d0dbf10b88dc00cc17b8	commit		/workspace/data/private_project_vault/git_recovery_20260810T144900Z.tar.zst.gpg	USER_REQUESTED_CLEANROOM_IMPLEMENTATION_2026-08-10	EXACT_REF_PRESENT_IN_RESTORE_PROOF_NEW_REPO_ONLY_MAIN
refs/heads/worktree-wf_178f31f9-1d1-1	RETIRED_LOCAL_RECOVERABLE	9b54f454dcde153241dec67da1468229f59af066	commit		/workspace/data/private_project_vault/git_recovery_20260810T144900Z.tar.zst.gpg	USER_REQUESTED_CLEANROOM_IMPLEMENTATION_2026-08-10	EXACT_REF_PRESENT_IN_RESTORE_PROOF_NEW_REPO_ONLY_MAIN
refs/heads/worktree-wf_178f31f9-1d1-2	RETIRED_LOCAL_RECOVERABLE	9b54f454dcde153241dec67da1468229f59af066	commit		/workspace/data/private_project_vault/git_recovery_20260810T144900Z.tar.zst.gpg	USER_REQUESTED_CLEANROOM_IMPLEMENTATION_2026-08-10	EXACT_REF_PRESENT_IN_RESTORE_PROOF_NEW_REPO_ONLY_MAIN
refs/heads/worktree-wf_178f31f9-1d1-3	RETIRED_LOCAL_RECOVERABLE	9b54f454dcde153241dec67da1468229f59af066	commit		/workspace/data/private_project_vault/git_recovery_20260810T144900Z.tar.zst.gpg	USER_REQUESTED_CLEANROOM_IMPLEMENTATION_2026-08-10	EXACT_REF_PRESENT_IN_RESTORE_PROOF_NEW_REPO_ONLY_MAIN
refs/heads/worktree-wf_178f31f9-1d1-4	RETIRED_LOCAL_RECOVERABLE	9b54f454dcde153241dec67da1468229f59af066	commit		/workspace/data/private_project_vault/git_recovery_20260810T144900Z.tar.zst.gpg	USER_REQUESTED_CLEANROOM_IMPLEMENTATION_2026-08-10	EXACT_REF_PRESENT_IN_RESTORE_PROOF_NEW_REPO_ONLY_MAIN
refs/heads/worktree-wf_178f31f9-1d1-5	RETIRED_LOCAL_RECOVERABLE	9b54f454dcde153241dec67da1468229f59af066	commit		/workspace/data/private_project_vault/git_recovery_20260810T144900Z.tar.zst.gpg	USER_REQUESTED_CLEANROOM_IMPLEMENTATION_2026-08-10	EXACT_REF_PRESENT_IN_RESTORE_PROOF_NEW_REPO_ONLY_MAIN
refs/heads/worktree-wf_178f31f9-1d1-6	RETIRED_LOCAL_RECOVERABLE	9b54f454dcde153241dec67da1468229f59af066	commit		/workspace/data/private_project_vault/git_recovery_20260810T144900Z.tar.zst.gpg	USER_REQUESTED_CLEANROOM_IMPLEMENTATION_2026-08-10	EXACT_REF_PRESENT_IN_RESTORE_PROOF_NEW_REPO_ONLY_MAIN
refs/heads/worktree-wf_178f31f9-1d1-7	RETIRED_LOCAL_RECOVERABLE	9b54f454dcde153241dec67da1468229f59af066	commit		/workspace/data/private_project_vault/git_recovery_20260810T144900Z.tar.zst.gpg	USER_REQUESTED_CLEANROOM_IMPLEMENTATION_2026-08-10	EXACT_REF_PRESENT_IN_RESTORE_PROOF_NEW_REPO_ONLY_MAIN
refs/heads/worktree-wf_178f31f9-1d1-8	RETIRED_LOCAL_RECOVERABLE	9b54f454dcde153241dec67da1468229f59af066	commit		/workspace/data/private_project_vault/git_recovery_20260810T144900Z.tar.zst.gpg	USER_REQUESTED_CLEANROOM_IMPLEMENTATION_2026-08-10	EXACT_REF_PRESENT_IN_RESTORE_PROOF_NEW_REPO_ONLY_MAIN
refs/heads/worktree-wf_178f31f9-1d1-9	RETIRED_LOCAL_RECOVERABLE	12aa0acb1f5e87db2a547037fbca71a9813cccdb	commit		/workspace/data/private_project_vault/git_recovery_20260810T144900Z.tar.zst.gpg	USER_REQUESTED_CLEANROOM_IMPLEMENTATION_2026-08-10	EXACT_REF_PRESENT_IN_RESTORE_PROOF_NEW_REPO_ONLY_MAIN
refs/original/refs/heads/main	RETIRED_LOCAL_RECOVERABLE	c0287f9a2d3b2ca055dceda105df934760febe89	commit		/workspace/data/private_project_vault/git_recovery_20260810T144900Z.tar.zst.gpg	USER_REQUESTED_CLEANROOM_IMPLEMENTATION_2026-08-10	EXACT_REF_PRESENT_IN_RESTORE_PROOF_NEW_REPO_ONLY_MAIN
refs/remotes/origin/HEAD	RETIRED_LOCAL_RECOVERABLE	12aa0acb1f5e87db2a547037fbca71a9813cccdb	commit		/workspace/data/private_project_vault/git_recovery_20260810T144900Z.tar.zst.gpg	USER_REQUESTED_CLEANROOM_IMPLEMENTATION_2026-08-10	EXACT_REF_PRESENT_IN_RESTORE_PROOF_NEW_REPO_ONLY_MAIN
refs/remotes/origin/correction/select3-frontier-one-sweep	RETIRED_LOCAL_RECOVERABLE	b7a7bdf08670a4a2cdf2fee03cf952869aa33ed1	commit		/workspace/data/private_project_vault/git_recovery_20260810T144900Z.tar.zst.gpg	USER_REQUESTED_CLEANROOM_IMPLEMENTATION_2026-08-10	EXACT_REF_PRESENT_IN_RESTORE_PROOF_NEW_REPO_ONLY_MAIN
refs/remotes/origin/entries-oracle-v1	RETIRED_LOCAL_RECOVERABLE	2e07d84b7c9ba8cd5c2230b4862e34d93909da36	commit		/workspace/data/private_project_vault/git_recovery_20260810T144900Z.tar.zst.gpg	USER_REQUESTED_CLEANROOM_IMPLEMENTATION_2026-08-10	EXACT_REF_PRESENT_IN_RESTORE_PROOF_NEW_REPO_ONLY_MAIN
refs/remotes/origin/entries-oracle-v1-cleanpush	RETIRED_LOCAL_RECOVERABLE	00e5ccc10b67371cbdd6141ac895ac3f1ab55a5f	commit		/workspace/data/private_project_vault/git_recovery_20260810T144900Z.tar.zst.gpg	USER_REQUESTED_CLEANROOM_IMPLEMENTATION_2026-08-10	EXACT_REF_PRESENT_IN_RESTORE_PROOF_NEW_REPO_ONLY_MAIN
refs/remotes/origin/handoff/select3-carrier-source-core-v3	RETIRED_LOCAL_RECOVERABLE	fb7bbe7f2a50c84c0bd209acb1969db98252fb03	commit		/workspace/data/private_project_vault/git_recovery_20260810T144900Z.tar.zst.gpg	USER_REQUESTED_CLEANROOM_IMPLEMENTATION_2026-08-10	EXACT_REF_PRESENT_IN_RESTORE_PROOF_NEW_REPO_ONLY_MAIN
refs/remotes/origin/handoff/select3-frontier-registry-v1	RETIRED_LOCAL_RECOVERABLE	28e0315f1acd244d2bfbff6542d308c78b8cc863	commit		/workspace/data/private_project_vault/git_recovery_20260810T144900Z.tar.zst.gpg	USER_REQUESTED_CLEANROOM_IMPLEMENTATION_2026-08-10	EXACT_REF_PRESENT_IN_RESTORE_PROOF_NEW_REPO_ONLY_MAIN
refs/remotes/origin/handoff/select3-native-frontier-core-v2	RETIRED_LOCAL_RECOVERABLE	80f61d4ee8102970564d5827b64b0fa9e879dae4	commit		/workspace/data/private_project_vault/git_recovery_20260810T144900Z.tar.zst.gpg	USER_REQUESTED_CLEANROOM_IMPLEMENTATION_2026-08-10	EXACT_REF_PRESENT_IN_RESTORE_PROOF_NEW_REPO_ONLY_MAIN
refs/remotes/origin/handoff/select3-option-stores-v1	RETIRED_LOCAL_RECOVERABLE	6c2eda06c751219684a3374e2999af93f60915c9	commit		/workspace/data/private_project_vault/git_recovery_20260810T144900Z.tar.zst.gpg	USER_REQUESTED_CLEANROOM_IMPLEMENTATION_2026-08-10	EXACT_REF_PRESENT_IN_RESTORE_PROOF_NEW_REPO_ONLY_MAIN
refs/remotes/origin/handoff/select3-stock-stores-v1	RETIRED_LOCAL_RECOVERABLE	5e45967cdb77842a388e4c6c9961c27465cc0dd7	commit		/workspace/data/private_project_vault/git_recovery_20260810T144900Z.tar.zst.gpg	USER_REQUESTED_CLEANROOM_IMPLEMENTATION_2026-08-10	EXACT_REF_PRESENT_IN_RESTORE_PROOF_NEW_REPO_ONLY_MAIN
refs/remotes/origin/handoff/select3-universal-entry-executor-v5	RETIRED_LOCAL_RECOVERABLE	ed35472eca7c9f14e9e63a2887c7bf2c354b3c83	commit		/workspace/data/private_project_vault/git_recovery_20260810T144900Z.tar.zst.gpg	USER_REQUESTED_CLEANROOM_IMPLEMENTATION_2026-08-10	EXACT_REF_PRESENT_IN_RESTORE_PROOF_NEW_REPO_ONLY_MAIN
refs/remotes/origin/handoff/select3-universal-executor-v1	RETIRED_LOCAL_RECOVERABLE	21bfe8fc7cf577f6e6549e728604dc558535e9f0	commit		/workspace/data/private_project_vault/git_recovery_20260810T144900Z.tar.zst.gpg	USER_REQUESTED_CLEANROOM_IMPLEMENTATION_2026-08-10	EXACT_REF_PRESENT_IN_RESTORE_PROOF_NEW_REPO_ONLY_MAIN
refs/remotes/origin/main	RETIRED_LOCAL_RECOVERABLE	12aa0acb1f5e87db2a547037fbca71a9813cccdb	commit		/workspace/data/private_project_vault/git_recovery_20260810T144900Z.tar.zst.gpg	USER_REQUESTED_CLEANROOM_IMPLEMENTATION_2026-08-10	EXACT_REF_PRESENT_IN_RESTORE_PROOF_NEW_REPO_ONLY_MAIN
refs/remotes/origin/select3-universal-entry-executor-v5	RETIRED_LOCAL_RECOVERABLE	21adebe1b1689018c3e46f626ddce9da8492d77d	commit		/workspace/data/private_project_vault/git_recovery_20260810T144900Z.tar.zst.gpg	USER_REQUESTED_CLEANROOM_IMPLEMENTATION_2026-08-10	EXACT_REF_PRESENT_IN_RESTORE_PROOF_NEW_REPO_ONLY_MAIN
refs/remotes/origin/task/select3-carrier-source-core-r1	RETIRED_LOCAL_RECOVERABLE	6af2ba1955ed106a819d23b8ee6ffafb9b4eaf1a	commit		/workspace/data/private_project_vault/git_recovery_20260810T144900Z.tar.zst.gpg	USER_REQUESTED_CLEANROOM_IMPLEMENTATION_2026-08-10	EXACT_REF_PRESENT_IN_RESTORE_PROOF_NEW_REPO_ONLY_MAIN
refs/remotes/origin/task/select3-carrier-source-core-r2	RETIRED_LOCAL_RECOVERABLE	5f0fa4dcc4c0f0fbc46966a6fcd466edce1c42b0	commit		/workspace/data/private_project_vault/git_recovery_20260810T144900Z.tar.zst.gpg	USER_REQUESTED_CLEANROOM_IMPLEMENTATION_2026-08-10	EXACT_REF_PRESENT_IN_RESTORE_PROOF_NEW_REPO_ONLY_MAIN
refs/remotes/origin/task/select3-frontier-registry-correction	RETIRED_LOCAL_RECOVERABLE	72d159fb24f7b7da936ca66d599abe9ed7ae3d44	commit		/workspace/data/private_project_vault/git_recovery_20260810T144900Z.tar.zst.gpg	USER_REQUESTED_CLEANROOM_IMPLEMENTATION_2026-08-10	EXACT_REF_PRESENT_IN_RESTORE_PROOF_NEW_REPO_ONLY_MAIN
refs/remotes/origin/task/select3-native-carrier-v1	RETIRED_LOCAL_RECOVERABLE	7662404e75765614c00fce2a6065482c2d615e17	commit		/workspace/data/private_project_vault/git_recovery_20260810T144900Z.tar.zst.gpg	USER_REQUESTED_CLEANROOM_IMPLEMENTATION_2026-08-10	EXACT_REF_PRESENT_IN_RESTORE_PROOF_NEW_REPO_ONLY_MAIN
refs/remotes/origin/task/select3-resolved-registry-r1	RETIRED_LOCAL_RECOVERABLE	d1ec90bfd8b06d61c60c5b6a2a472ae8d5fa3fbd	commit		/workspace/data/private_project_vault/git_recovery_20260810T144900Z.tar.zst.gpg	USER_REQUESTED_CLEANROOM_IMPLEMENTATION_2026-08-10	EXACT_REF_PRESENT_IN_RESTORE_PROOF_NEW_REPO_ONLY_MAIN
refs/remotes/origin/task/select3-source-adapters-r1	RETIRED_LOCAL_RECOVERABLE	1e96e0750d5ac8af8775ea23f9c47ae932acb141	commit		/workspace/data/private_project_vault/git_recovery_20260810T144900Z.tar.zst.gpg	USER_REQUESTED_CLEANROOM_IMPLEMENTATION_2026-08-10	EXACT_REF_PRESENT_IN_RESTORE_PROOF_NEW_REPO_ONLY_MAIN
refs/remotes/origin/task/select3-universal-cpu-executor	RETIRED_LOCAL_RECOVERABLE	83f9786a42cf3e71fb135de3fcff04f99752d33d	commit		/workspace/data/private_project_vault/git_recovery_20260810T144900Z.tar.zst.gpg	USER_REQUESTED_CLEANROOM_IMPLEMENTATION_2026-08-10	EXACT_REF_PRESENT_IN_RESTORE_PROOF_NEW_REPO_ONLY_MAIN
refs/remotes/origin/task/select3-universal-entry-executor-r1	RETIRED_LOCAL_RECOVERABLE	09ae0655a7fdf9cbb8da1437c3b61596759e3105	commit		/workspace/data/private_project_vault/git_recovery_20260810T144900Z.tar.zst.gpg	USER_REQUESTED_CLEANROOM_IMPLEMENTATION_2026-08-10	EXACT_REF_PRESENT_IN_RESTORE_PROOF_NEW_REPO_ONLY_MAIN
refs/remotes/origin/task/select3-universal-entry-executor-r2	RETIRED_LOCAL_RECOVERABLE	135e4e06e14eec360a3f1c3955248da61fe3fd81	commit		/workspace/data/private_project_vault/git_recovery_20260810T144900Z.tar.zst.gpg	USER_REQUESTED_CLEANROOM_IMPLEMENTATION_2026-08-10	EXACT_REF_PRESENT_IN_RESTORE_PROOF_NEW_REPO_ONLY_MAIN
refs/remotes/origin/task/select3-universal-entry-executor-r3	RETIRED_LOCAL_RECOVERABLE	57cca479d6bb26634825d0dbf10b88dc00cc17b8	commit		/workspace/data/private_project_vault/git_recovery_20260810T144900Z.tar.zst.gpg	USER_REQUESTED_CLEANROOM_IMPLEMENTATION_2026-08-10	EXACT_REF_PRESENT_IN_RESTORE_PROOF_NEW_REPO_ONLY_MAIN
refs/stash	RETIRED_LOCAL_RECOVERABLE	76150dea53def4f83cc21b3aa01d03c28b7947e5	commit		/workspace/data/private_project_vault/git_recovery_20260810T144900Z.tar.zst.gpg	USER_REQUESTED_CLEANROOM_IMPLEMENTATION_2026-08-10	EXACT_REF_PRESENT_IN_RESTORE_PROOF_NEW_REPO_ONLY_MAIN
